{
    "name": "Cure",
    "description": "You can cure your zombification by consuming a golden apple while afflicted with the Weakness affect.",
    "type": "origins:multiple",
    "resource": {
        "type": "origins:resource",
        "min": 0,
        "max": 2000,
        "start_value": 2000,
        "min_action": {
            "type": "origins:and",
            "actions": [
                {
                    "type": "origins:play_sound",
                    "sound": "minecraft:entity.zombie_villager.converted"
                },
                {
                    "type": "origins:execute_command",
                    "command": "origin set @s classes:druid classes:druid_hoglin"
                }
            ]
        },
        "hud_render": {
            "should_render": true,
            "sprite_location": "origins:textures/gui/community/spiderkolo/resource_bar_02.png",
            "bar_index": 19,
            "condition": {
                "type": "origins:resource",
                "resource": "*:*_resource",
                "comparison": "<",
                "compare_to": 2000
            }
        }
    },
    "apple": {
        "type": "origins:resource",
        "min": 0,
        "max": 1,
        "start_value": 0
    },
    "weakness": {
        "type": "origins:resource",
        "min": 0,
        "max": 1,
        "start_value": 0
    },
    "both": {
        "type": "origins:resource",
        "min": 0,
        "max": 1,
        "start_value": 0
    },
    "decrease": {
        "type": "origins:action_over_time",
        "interval": 1,
        "entity_action": {
            "type": "origins:change_resource",
            "resource": "*:*_resource",
            "change": -1
        },
        "condition": {
            "type": "origins:resource",
            "resource": "*:*_both",
            "comparison": "==",
            "compare_to": 1
        }
    },
    "weakness_check": {
        "type": "origins:action_over_time",
        "interval": 1,
        "rising_action": {
            "type": "origins:change_resource",
            "resource": "*:*_weakness",
            "operation": "set",
            "change": 1
        },
        "falling_action": {
            "type": "origins:change_resource",
            "resource": "*:*_weakness",
            "operation": "set",
            "change": 0
        },
        "condition": {
            "type": "origins:status_effect",
            "effect": "minecraft:weakness"
        }
    },
    "apple_check": {
        "type": "origins:action_on_item_use",
        "entity_action": {
            "type": "origins:and",
            "actions": [
                {
                    "type": "origins:play_sound",
                    "sound": "minecraft:entity.zombie_villager.cure"
                },
                {
                    "type": "origins:apply_effect",
                    "effect": {
                        "effect": "minecraft:strength",
                        "duration": 2000
                    }
                },
                {
                    "type": "origins:change_resource",
                    "resource": "*:*_apple",
                    "change": 1
                }
            ]
        },
        "item_condition": {
            "type": "origins:ingredient",
            "ingredient": {
                "item": "minecraft:golden_apple"
            }
        },
        "trigger": "finish",
        "condition": {
            "type": "origins:status_effect",
            "effect": "minecraft:weakness"
        }
    },
    "both_check": {
        "type": "origins:action_over_time",
        "interval": 1,
        "entity_action": {
            "type": "origins:change_resource",
            "resource": "*:*_both",
            "change": 1
        },
        "condition": {
            "type": "origins:and",
            "conditions": [
                {
                    "type": "origins:resource",
                    "resource": "*:*_apple",
                    "comparison": "==",
                    "compare_to": 1
                },
                {
                    "type": "origins:resource",
                    "resource": "*:*_weakness",
                    "comparison": "==",
                    "compare_to": 1
                }
            ]
        }
    }
}