{
    "name": "Arcane Propulsion Armor",
    "description": "Your movement speed is increased both on land and in the air. You have both levitation and slow falling, making for a limited version of flight.",
    "type": "origins:multiple",
    "speed": {
        "type": "origins:conditioned_attribute",
        "modifier": {
            "name": "Mingle with the Wind movement speed",
            "attribute": "minecraft:generic.movement_speed",
            "operation": "multiply_base",
            "value": 0.1
        },
        "condition": {
            "type": "origins:and",
            "conditions": [
                {
                    "type": "origins:equipped_item",
                    "equipment_slot": "head",
                    "item_condition": {
                        "type": "origins:nbt",
                        "nbt": "{arcanePropulsionArmor: 1b}"
                    }
                },
                {
                    "type": "origins:equipped_item",
                    "equipment_slot": "chest",
                    "item_condition": {
                        "type": "origins:nbt",
                        "nbt": "{arcanePropulsionArmor: 1b}"
                    }
                },
                {
                    "type": "origins:equipped_item",
                    "equipment_slot": "legs",
                    "item_condition": {
                        "type": "origins:nbt",
                        "nbt": "{arcanePropulsionArmor: 1b}"
                    }
                },
                {
                    "type": "origins:equipped_item",
                    "equipment_slot": "feet",
                    "item_condition": {
                        "type": "origins:nbt",
                        "nbt": "{arcanePropulsionArmor: 1b}"
                    }
                }
            ]
        }
    },
    "air_speed": {
        "type": "origins:attribute_modify_transfer",
        "class": "modify_air_speed",
        "attribute": "minecraft:generic.movement_speed",
        "multiplier": 1,
        "condition": {
            "type": "origins:and",
            "conditions": [
                {
                    "type": "origins:equipped_item",
                    "equipment_slot": "head",
                    "item_condition": {
                        "type": "origins:nbt",
                        "nbt": "{arcanePropulsionArmor: 1b}"
                    }
                },
                {
                    "type": "origins:equipped_item",
                    "equipment_slot": "chest",
                    "item_condition": {
                        "type": "origins:nbt",
                        "nbt": "{arcanePropulsionArmor: 1b}"
                    }
                },
                {
                    "type": "origins:equipped_item",
                    "equipment_slot": "legs",
                    "item_condition": {
                        "type": "origins:nbt",
                        "nbt": "{arcanePropulsionArmor: 1b}"
                    }
                },
                {
                    "type": "origins:equipped_item",
                    "equipment_slot": "feet",
                    "item_condition": {
                        "type": "origins:nbt",
                        "nbt": "{arcanePropulsionArmor: 1b}"
                    }
                }
            ]
        }
    },
    "resource": {
        "type": "origins:resource",
        "min": 0,
        "max": 300,
        "start_value": 300,
        "hud_render": {
            "should_render": true,
            "sprite_location": "origins:textures/gui/community/spiderkolo/resource_bar_03.png",
            "bar_index": 12,
            "condition": {
                "type": "origins:resource",
                "resource": "*:*_resource",
                "comparison": "==",
                "compare_to": 300,
                "inverted": true
            }
        }
    },
    "regain": {
        "type": "origins:action_over_time",
        "interval": 1,
        "entity_action": {
            "type": "origins:change_resource",
            "resource": "*:*_resource",
            "change": 5,
            "operation": "add"
        },
        "condition": {
            "type": "origins:or",
            "conditions": [
                {
                    "type": "origins:on_block"
                },
                {
                    "type": "origins:fluid_height",
                    "fluid": "minecraft:lava",
                    "comparison": ">=",
                    "compare_to": 0.01
                },
                {
                    "type": "origins:riding_root"
                }
            ]
        }
    },
    "slow_falling": {
        "type": "apoli:modify_falling",
        "velocity": 0.01,
        "take_fall_damage": false,
        "condition": {
            "type": "origins:or",
            "conditions": [
                {
                    "type": "origins:and",
                    "conditions": [
                        {
                            "type": "origins:sneaking"
                        },
                        {
                            "type": "origins:fall_flying"
                        },
                        {
                            "type": "origins:equipped_item",
                            "equipment_slot": "head",
                            "item_condition": {
                                "type": "origins:nbt",
                                "nbt": "{arcanePropulsionArmor: 1b}"
                            }
                        },
                        {
                            "type": "origins:equipped_item",
                            "equipment_slot": "chest",
                            "item_condition": {
                                "type": "origins:nbt",
                                "nbt": "{arcanePropulsionArmor: 1b}"
                            }
                        },
                        {
                            "type": "origins:equipped_item",
                            "equipment_slot": "legs",
                            "item_condition": {
                                "type": "origins:nbt",
                                "nbt": "{arcanePropulsionArmor: 1b}"
                            }
                        },
                        {
                            "type": "origins:equipped_item",
                            "equipment_slot": "feet",
                            "item_condition": {
                                "type": "origins:nbt",
                                "nbt": "{arcanePropulsionArmor: 1b}"
                            }
                        }
                    ]
                },
                {
                    "type": "origins:and",
                    "conditions": [
                        {
                            "type": "origins:sneaking",
                            "inverted": true
                        },
                        {
                            "type": "origins:fall_flying",
                            "inverted": true
                        },
                        {
                            "type": "origins:equipped_item",
                            "equipment_slot": "head",
                            "item_condition": {
                                "type": "origins:nbt",
                                "nbt": "{arcanePropulsionArmor: 1b}"
                            }
                        },
                        {
                            "type": "origins:equipped_item",
                            "equipment_slot": "chest",
                            "item_condition": {
                                "type": "origins:nbt",
                                "nbt": "{arcanePropulsionArmor: 1b}"
                            }
                        },
                        {
                            "type": "origins:equipped_item",
                            "equipment_slot": "legs",
                            "item_condition": {
                                "type": "origins:nbt",
                                "nbt": "{arcanePropulsionArmor: 1b}"
                            }
                        },
                        {
                            "type": "origins:equipped_item",
                            "equipment_slot": "feet",
                            "item_condition": {
                                "type": "origins:nbt",
                                "nbt": "{arcanePropulsionArmor: 1b}"
                            }
                        }
                    ]
                }
            ]
        }
    },
    "hover": {
        "type": "origins:active_self",
        "entity_action": {
            "type": "origins:and",
            "actions": [
                {
                    "type": "origins:apply_effect",
                    "effect": {
                        "effect": "minecraft:levitation",
                        "duration": 2,
                        "amplifier": 1,
                        "show_particles": false,
                        "show_icon": false
                    }
                },
                {
                    "type": "origins:change_resource",
                    "resource": "*:*_resource",
                    "change": -1,
                    "operation": "add"
                }
            ]
        },
        "condition": {
            "type": "origins:and",
            "conditions": [
                {
                    "inverted": true,
                    "type": "origins:fluid_height",
                    "fluid": "minecraft:lava",
                    "comparison": ">=",
                    "compare_to": 0.01
                },
                {
                    "inverted": true,
                    "type": "origins:fluid_height",
                    "fluid": "minecraft:water",
                    "comparison": ">=",
                    "compare_to": 0.01
                },
                {
                    "type": "origins:resource",
                    "resource": "*:*_resource",
                    "comparison": ">",
                    "compare_to": 1
                },
                {
                    "inverted": true,
                    "type": "origins:riding_root"
                },
                {
                    "type": "origins:equipped_item",
                    "equipment_slot": "head",
                    "item_condition": {
                        "type": "origins:nbt",
                        "nbt": "{arcanePropulsionArmor: 1b}"
                    }
                },
                {
                    "type": "origins:equipped_item",
                    "equipment_slot": "chest",
                    "item_condition": {
                        "type": "origins:nbt",
                        "nbt": "{arcanePropulsionArmor: 1b}"
                    }
                },
                {
                    "type": "origins:equipped_item",
                    "equipment_slot": "legs",
                    "item_condition": {
                        "type": "origins:nbt",
                        "nbt": "{arcanePropulsionArmor: 1b}"
                    }
                },
                {
                    "type": "origins:equipped_item",
                    "equipment_slot": "feet",
                    "item_condition": {
                        "type": "origins:nbt",
                        "nbt": "{arcanePropulsionArmor: 1b}"
                    }
                }
            ]
        },
        "cooldown": 1,
        "key": {
            "key": "key.jump",
            "continuous": true
        }
    }
}