{
    "name": "Armor of the Ocean",
    "hidden": true,
    "type": "origins:multiple",
    "amphibious": {
        "condition": {
            "type": "origins:and",
            "conditions": [
                {
                    "type": "origins:submerged_in",
                    "fluid": "minecraft:water"
                },
                {
                    "type": "origins:equipped_item",
                    "equipment_slot": "head",
                    "item_condition": {
                        "type": "origins:nbt",
                        "nbt": "{armorOfTheOcean: 1b}"
                    }
                },
                {
                    "type": "origins:equipped_item",
                    "equipment_slot": "chest",
                    "item_condition": {
                        "type": "origins:nbt",
                        "nbt": "{armorOfTheOcean: 1b}"
                    }
                },
                {
                    "type": "origins:equipped_item",
                    "equipment_slot": "legs",
                    "item_condition": {
                        "type": "origins:nbt",
                        "nbt": "{armorOfTheOcean: 1b}"
                    }
                },
                {
                    "type": "origins:equipped_item",
                    "equipment_slot": "feet",
                    "item_condition": {
                        "type": "origins:nbt",
                        "nbt": "{armorOfTheOcean: 1b}"
                    }
                }
            ]
        },
        "type": "origins:action_over_time",
        "interval": 1,
        "entity_action": {
            "type": "origins:gain_air",
            "value": 20
        }
    },
    "swim_speed": {
        "type": "origins:conditioned_attribute",
        "modifier": {
            "attribute": "additionalentityattributes:water_speed",
            "value": 1.5,
            "operation": "multiply_base"
        },
        "condition": {
            "type": "origins:and",
            "conditions": [
                {
                    "type": "origins:equipped_item",
                    "equipment_slot": "head",
                    "item_condition": {
                        "type": "origins:nbt",
                        "nbt": "{armorOfTheOcean: 1b}"
                    }
                },
                {
                    "type": "origins:equipped_item",
                    "equipment_slot": "chest",
                    "item_condition": {
                        "type": "origins:nbt",
                        "nbt": "{armorOfTheOcean: 1b}"
                    }
                },
                {
                    "type": "origins:equipped_item",
                    "equipment_slot": "legs",
                    "item_condition": {
                        "type": "origins:nbt",
                        "nbt": "{armorOfTheOcean: 1b}"
                    }
                },
                {
                    "type": "origins:equipped_item",
                    "equipment_slot": "feet",
                    "item_condition": {
                        "type": "origins:nbt",
                        "nbt": "{armorOfTheOcean: 1b}"
                    }
                }
            ]
        }
    },
    "underwater": {
        "type": "origins:modify_break_speed",
        "modifier": {
            "operation": "multiply_total",
            "value": 4
        },
        "condition": {
            "type": "origins:and",
            "conditions": [
                {
                    "type": "origins:submerged_in",
                    "fluid": "minecraft:water"
                },
                {
                    "type": "origins:enchantment",
                    "enchantment": "minecraft:aqua_affinity",
                    "comparison": "==",
                    "compare_to": 0
                },
                {
                    "type": "origins:equipped_item",
                    "equipment_slot": "head",
                    "item_condition": {
                        "type": "origins:nbt",
                        "nbt": "{armorOfTheOcean: 1b}"
                    }
                },
                {
                    "type": "origins:equipped_item",
                    "equipment_slot": "chest",
                    "item_condition": {
                        "type": "origins:nbt",
                        "nbt": "{armorOfTheOcean: 1b}"
                    }
                },
                {
                    "type": "origins:equipped_item",
                    "equipment_slot": "legs",
                    "item_condition": {
                        "type": "origins:nbt",
                        "nbt": "{armorOfTheOcean: 1b}"
                    }
                },
                {
                    "type": "origins:equipped_item",
                    "equipment_slot": "feet",
                    "item_condition": {
                        "type": "origins:nbt",
                        "nbt": "{armorOfTheOcean: 1b}"
                    }
                }
            ]
        }
    },
    "ungrounded": {
        "type": "origins:modify_break_speed",
        "modifier": {
            "operation": "multiply_total",
            "value": 4
        },
        "condition": {
            "type": "origins:and",
            "conditions": [
                {
                    "type": "origins:fluid_height",
                    "fluid": "minecraft:water",
                    "comparison": ">",
                    "compare_to": 0
                },
                {
                    "type": "origins:on_block",
                    "inverted": true
                },
                {
                    "type": "origins:equipped_item",
                    "equipment_slot": "head",
                    "item_condition": {
                        "type": "origins:nbt",
                        "nbt": "{armorOfTheOcean: 1b}"
                    }
                },
                {
                    "type": "origins:equipped_item",
                    "equipment_slot": "chest",
                    "item_condition": {
                        "type": "origins:nbt",
                        "nbt": "{armorOfTheOcean: 1b}"
                    }
                },
                {
                    "type": "origins:equipped_item",
                    "equipment_slot": "legs",
                    "item_condition": {
                        "type": "origins:nbt",
                        "nbt": "{armorOfTheOcean: 1b}"
                    }
                },
                {
                    "type": "origins:equipped_item",
                    "equipment_slot": "feet",
                    "item_condition": {
                        "type": "origins:nbt",
                        "nbt": "{armorOfTheOcean: 1b}"
                    }
                }
            ]
        }
    },
    "like_water": {
        "type": "origins:action_over_time",
        "interval": 20,
        "entity_action": {
            "type": "origins:grant_power",
            "power": "origins:like_water",
            "source": "origins:merling"
        },
        "condition": {
            "type": "origins:and",
            "conditions": [
                {
                    "type": "origins:equipped_item",
                    "equipment_slot": "head",
                    "item_condition": {
                        "type": "origins:nbt",
                        "nbt": "{armorOfTheOcean: 1b}"
                    }
                },
                {
                    "type": "origins:equipped_item",
                    "equipment_slot": "chest",
                    "item_condition": {
                        "type": "origins:nbt",
                        "nbt": "{armorOfTheOcean: 1b}"
                    }
                },
                {
                    "type": "origins:equipped_item",
                    "equipment_slot": "legs",
                    "item_condition": {
                        "type": "origins:nbt",
                        "nbt": "{armorOfTheOcean: 1b}"
                    }
                },
                {
                    "type": "origins:equipped_item",
                    "equipment_slot": "feet",
                    "item_condition": {
                        "type": "origins:nbt",
                        "nbt": "{armorOfTheOcean: 1b}"
                    }
                }
            ]
        }
    }
}