{
    "name": "Suit of Spider Climbing",
    "hidden": true,
    "type": "origins:multiple",
    "climbing": {
        "type": "origins:climbing",
        "hold_condition": {
            "type": "origins:and",
            "conditions": [
                {
                    "type": "origins:or",
                    "conditions": [
                        {
                            "type": "origins:block_collision",
                            "offset_x": 0.01,
                            "offset_z": 0.01,
                            "offset_y": 0
                        },
                        {
                            "type": "origins:block_collision",
                            "offset_x": -0.01,
                            "offset_z": -0.01,
                            "offset_y": 0
                        }
                    ]
                },
                {
                    "type": "origins:and",
                    "conditions": [
                        {
                            "type": "origins:equipped_item",
                            "equipment_slot": "head",
                            "item_condition": {
                                "type": "origins:nbt",
                                "nbt": "{suitOfSpiderClimbing: 1b}"
                            }
                        },
                        {
                            "type": "origins:equipped_item",
                            "equipment_slot": "chest",
                            "item_condition": {
                                "type": "origins:nbt",
                                "nbt": "{suitOfSpiderClimbing: 1b}"
                            }
                        },
                        {
                            "type": "origins:equipped_item",
                            "equipment_slot": "legs",
                            "item_condition": {
                                "type": "origins:nbt",
                                "nbt": "{suitOfSpiderClimbing: 1b}"
                            }
                        },
                        {
                            "type": "origins:equipped_item",
                            "equipment_slot": "feet",
                            "item_condition": {
                                "type": "origins:nbt",
                                "nbt": "{suitOfSpiderClimbing: 1b}"
                            }
                        }
                    ]
                }
            ]
        },
        "condition": {
            "type": "origins:collided_horizontally"
        }
    }
}