{
    "name": "Vanishing Armor",
    "hidden": true,
    "type": "origins:invisibility",
    "condition": {
        "type": "origins:and",
        "conditions": [
            {
                "type": "origins:equipped_item",
                "equipment_slot": "head",
                "item_condition": {
                    "type": "origins:nbt",
                    "nbt": "{vanishingArmor: 1b}"
                }
            },
            {
                "type": "origins:equipped_item",
                "equipment_slot": "chest",
                "item_condition": {
                    "type": "origins:nbt",
                    "nbt": "{vanishingArmor: 1b}"
                }
            },
            {
                "type": "origins:equipped_item",
                "equipment_slot": "legs",
                "item_condition": {
                    "type": "origins:nbt",
                    "nbt": "{vanishingArmor: 1b}"
                }
            },
            {
                "type": "origins:equipped_item",
                "equipment_slot": "feet",
                "item_condition": {
                    "type": "origins:nbt",
                    "nbt": "{vanishingArmor: 1b}"
                }
            }
        ]
    }
}