{
    "name": "Stats",
    "description": "You are 2 blocks tall, and you have 10 hearts.",
    "type": "origins:action_on_callback",
    "entity_action_added": {
        "type": "origins:and",
        "actions": [
            {
                "type": "origins:execute_command",
                "command": "origin set @s size:size size:2.0"
            },
            {
                "type": "origins:execute_command",
                "command": "scale set pehkui:step_height 2 @s"
            },
            {
                "type": "origins:execute_command",
                "command": "scale persist set true @s"
            },
            {
                "type": "origins:execute_command",
                "command": "walkers switchShape @s minecraft:donkey"
            }
        ]
    },
    "entity_action_lost": {
        "type": "origins:execute_command",
        "command": "scale reset @s"
    }
}