{
    "name": "Bardic Inspiration",
    "description": "You can inspire those around you with songs, granting a number of different effects depending on what song is being played. Learn more songs by finding music discs throughout the world.",
    "type": "origins:multiple",
    "badges": [
        {
            "type": "origins:keybind",
            "sprite": "origins:textures/gui/badge/active.png",
            "text": "Active ability, %s to use."
        },
        {
            "type": "origins:tooltip",
            "sprite": "origins:textures/gui/badge/info.png",
            "text": "The key to use your Bardic Inspiration ability is bound to your \"Active Power (Quaternary)\" key."
        },
        {
            "type": "origins:tooltip",
            "sprite": "origins:textures/gui/badge/info.png",
            "text": "The key to change the effect of your Bardic Inspiration ability is bound to your \"Active Power (Quinary)\" key. You cannot change the effect while the ability is active."
        }
    ],
    "resource": {
        "type": "origins:resource",
        "min": 0,
        "max": 1200,
        "start_value": 0,
        "hud_render": {
            "sprite_location": "origins:textures/gui/community/spiderkolo/resource_bar_01.png",
            "bar_index": 0,
            "condition": {
                "type": "origins:resource",
                "resource": "*:*_resource",
                "comparison": "==",
                "compare_to": 1200,
                "inverted": true
            }
        },
        "min_action": {
            "type": "origins:and",
            "actions": [
                {
                    "type": "origins:revoke_power",
                    "power": "*:bard/bardic_inspiration_timer",
                    "source": "*:*"
                },
                {
                    "type": "origins:revoke_power",
                    "power": "*:bard/bardic_inspiration_timer_5",
                    "source": "*:*"
                }
            ]
        }
    },
    "increase": {
        "type": "origins:action_over_time",
        "interval": 1,
        "entity_action": {
            "type": "origins:change_resource",
            "resource": "*:*_resource",
            "change": 1
        },
        "condition": {
            "type": "origins:or",
            "conditions": [
                {
                    "type": "origins:power",
                    "power": "*:bard/bardic_inspiration_timer"
                },
                {
                    "type": "origins:power",
                    "power": "*:bard/bardic_inspiration_timer_5"
                }
            ],
            "inverted": true
        }
    },
    "grant": {
        "type": "origins:active_self",
        "key": {
            "key": "key.origins.quaternary_active"
        },
        "entity_action": {
            "type": "origins:if_else_list",
            "actions": [
                {
                    "condition": {
                        "type": "origins:origin",
                        "origin": "classes:bard_13",
                        "layer": "classes:bard"
                    },
                    "action": {
                        "type": "origins:area_of_effect",
                        "radius": 10,
                        "bientity_action": {
                            "type": "origins:target_action",
                            "action": {
                                "type": "origins:and",
                                "actions": [
                                    {
                                        "type": "origins:grant_power",
                                        "power": "*:bard/bardic_inspiration_timer",
                                        "source": "*:*"
                                    },
                                    {
                                        "type": "origins:apply_effect",
                                        "effect": {
                                            "effect": "minecraft:resistance",
                                            "duration": 1200,
                                            "show_particles": false
                                        }
                                    }
                                ]
                            }
                        },
                        "bientity_condition": {
                            "type": "origins:target_condition",
                            "condition": {
                                "type": "origins:entity_type",
                                "entity_type": "minecraft:player"
                            }
                        },
                        "include_actor": true
                    }
                },
                {
                    "condition": {
                        "type": "origins:origin",
                        "origin": "classes:bard_cat",
                        "layer": "classes:bard"
                    },
                    "action": {
                        "type": "origins:area_of_effect",
                        "radius": 10,
                        "bientity_action": {
                            "type": "origins:target_action",
                            "action": {
                                "type": "origins:and",
                                "actions": [
                                    {
                                        "type": "origins:grant_power",
                                        "power": "*:bard/bardic_inspiration_timer",
                                        "source": "*:*"
                                    },
                                    {
                                        "type": "origins:apply_effect",
                                        "effect": {
                                            "effect": "minecraft:speed",
                                            "duration": 1200,
                                            "show_particles": false
                                        }
                                    }
                                ]
                            }
                        },
                        "bientity_condition": {
                            "type": "origins:target_condition",
                            "condition": {
                                "type": "origins:entity_type",
                                "entity_type": "minecraft:player"
                            }
                        },
                        "include_actor": true
                    }
                },
                {
                    "condition": {
                        "type": "origins:origin",
                        "origin": "classes:bard_blocks",
                        "layer": "classes:bard"
                    },
                    "action": {
                        "type": "origins:area_of_effect",
                        "radius": 10,
                        "bientity_action": {
                            "type": "origins:target_action",
                            "action": {
                                "type": "origins:and",
                                "actions": [
                                    {
                                        "type": "origins:grant_power",
                                        "power": "*:bard/bardic_inspiration_timer",
                                        "source": "*:*"
                                    },
                                    {
                                        "type": "origins:apply_effect",
                                        "effect": {
                                            "effect": "minecraft:haste",
                                            "duration": 1200,
                                            "show_particles": false
                                        }
                                    }
                                ]
                            }
                        },
                        "bientity_condition": {
                            "type": "origins:target_condition",
                            "condition": {
                                "type": "origins:entity_type",
                                "entity_type": "minecraft:player"
                            }
                        },
                        "include_actor": true
                    }
                },
                {
                    "condition": {
                        "type": "origins:origin",
                        "origin": "classes:bard_chirp",
                        "layer": "classes:bard"
                    },
                    "action": {
                        "type": "origins:area_of_effect",
                        "radius": 10,
                        "bientity_action": {
                            "type": "origins:target_action",
                            "action": {
                                "type": "origins:and",
                                "actions": [
                                    {
                                        "type": "origins:grant_power",
                                        "power": "*:bard/bardic_inspiration_timer",
                                        "source": "*:*"
                                    },
                                    {
                                        "type": "origins:apply_effect",
                                        "effect": {
                                            "effect": "minecraft:jump_boost",
                                            "duration": 1200,
                                            "show_particles": false
                                        }
                                    }
                                ]
                            }
                        },
                        "bientity_condition": {
                            "type": "origins:target_condition",
                            "condition": {
                                "type": "origins:entity_type",
                                "entity_type": "minecraft:player"
                            }
                        },
                        "include_actor": true
                    }
                },
                {
                    "condition": {
                        "type": "origins:origin",
                        "origin": "classes:bard_far",
                        "layer": "classes:bard"
                    },
                    "action": {
                        "type": "origins:area_of_effect",
                        "radius": 10,
                        "bientity_action": {
                            "type": "origins:target_action",
                            "action": {
                                "type": "origins:and",
                                "actions": [
                                    {
                                        "type": "origins:grant_power",
                                        "power": "*:bard/bardic_inspiration_timer",
                                        "source": "*:*"
                                    },
                                    {
                                        "type": "origins:apply_effect",
                                        "effect": {
                                            "effect": "minecraft:regeneration",
                                            "duration": 1200,
                                            "show_particles": false
                                        }
                                    }
                                ]
                            }
                        },
                        "bientity_condition": {
                            "type": "origins:target_condition",
                            "condition": {
                                "type": "origins:entity_type",
                                "entity_type": "minecraft:player"
                            }
                        },
                        "include_actor": true
                    }
                },
                {
                    "condition": {
                        "type": "origins:origin",
                        "origin": "classes:bard_mall",
                        "layer": "classes:bard"
                    },
                    "action": {
                        "type": "origins:area_of_effect",
                        "radius": 10,
                        "bientity_action": {
                            "type": "origins:target_action",
                            "action": {
                                "type": "origins:and",
                                "actions": [
                                    {
                                        "type": "origins:grant_power",
                                        "power": "*:bard/bardic_inspiration_timer",
                                        "source": "*:*"
                                    },
                                    {
                                        "type": "origins:apply_effect",
                                        "effect": {
                                            "effect": "minecraft:absorption",
                                            "amplifier": 1,
                                            "duration": 1200,
                                            "show_particles": false
                                        }
                                    }
                                ]
                            }
                        },
                        "bientity_condition": {
                            "type": "origins:target_condition",
                            "condition": {
                                "type": "origins:entity_type",
                                "entity_type": "minecraft:player"
                            }
                        },
                        "include_actor": true
                    }
                },
                {
                    "condition": {
                        "type": "origins:origin",
                        "origin": "classes:bard_mellohi",
                        "layer": "classes:bard"
                    },
                    "action": {
                        "type": "origins:area_of_effect",
                        "radius": 10,
                        "bientity_action": {
                            "type": "origins:target_action",
                            "action": {
                                "type": "origins:and",
                                "actions": [
                                    {
                                        "type": "origins:grant_power",
                                        "power": "*:bard/bardic_inspiration_timer",
                                        "source": "*:*"
                                    },
                                    {
                                        "type": "origins:apply_effect",
                                        "effect": {
                                            "effect": "minecraft:slow_falling",
                                            "duration": 1200,
                                            "show_particles": false
                                        }
                                    }
                                ]
                            }
                        },
                        "bientity_condition": {
                            "type": "origins:target_condition",
                            "condition": {
                                "type": "origins:entity_type",
                                "entity_type": "minecraft:player"
                            }
                        },
                        "include_actor": true
                    }
                },
                {
                    "condition": {
                        "type": "origins:origin",
                        "origin": "classes:bard_stal",
                        "layer": "classes:bard"
                    },
                    "action": {
                        "type": "origins:area_of_effect",
                        "radius": 10,
                        "bientity_action": {
                            "type": "origins:target_action",
                            "action": {
                                "type": "origins:and",
                                "actions": [
                                    {
                                        "type": "origins:grant_power",
                                        "power": "*:bard/bardic_inspiration_timer",
                                        "source": "*:*"
                                    },
                                    {
                                        "type": "origins:apply_effect",
                                        "effect": {
                                            "effect": "minecraft:luck",
                                            "duration": 1200,
                                            "show_particles": false
                                        }
                                    }
                                ]
                            }
                        },
                        "bientity_condition": {
                            "type": "origins:target_condition",
                            "condition": {
                                "type": "origins:entity_type",
                                "entity_type": "minecraft:player"
                            }
                        },
                        "include_actor": true
                    }
                },
                {
                    "condition": {
                        "type": "origins:origin",
                        "origin": "classes:bard_strad",
                        "layer": "classes:bard"
                    },
                    "action": {
                        "type": "origins:area_of_effect",
                        "radius": 10,
                        "bientity_action": {
                            "type": "origins:target_action",
                            "action": {
                                "type": "origins:and",
                                "actions": [
                                    {
                                        "type": "origins:grant_power",
                                        "power": "*:bard/bardic_inspiration_timer",
                                        "source": "*:*"
                                    },
                                    {
                                        "type": "origins:apply_effect",
                                        "effect": {
                                            "effect": "minecraft:night_vision",
                                            "duration": 1200,
                                            "show_particles": false
                                        }
                                    }
                                ]
                            }
                        },
                        "bientity_condition": {
                            "type": "origins:target_condition",
                            "condition": {
                                "type": "origins:entity_type",
                                "entity_type": "minecraft:player"
                            }
                        },
                        "include_actor": true
                    }
                },
                {
                    "condition": {
                        "type": "origins:origin",
                        "origin": "classes:bard_ward",
                        "layer": "classes:bard"
                    },
                    "action": {
                        "type": "origins:area_of_effect",
                        "radius": 10,
                        "bientity_action": {
                            "type": "origins:target_action",
                            "action": {
                                "type": "origins:and",
                                "actions": [
                                    {
                                        "type": "origins:grant_power",
                                        "power": "*:bard/bardic_inspiration_timer",
                                        "source": "*:*"
                                    },
                                    {
                                        "type": "origins:apply_effect",
                                        "effect": {
                                            "effect": "minecraft:saturation",
                                            "duration": 1200,
                                            "show_particles": false
                                        }
                                    }
                                ]
                            }
                        },
                        "bientity_condition": {
                            "type": "origins:target_condition",
                            "condition": {
                                "type": "origins:entity_type",
                                "entity_type": "minecraft:player"
                            }
                        },
                        "include_actor": true
                    }
                },
                {
                    "condition": {
                        "type": "origins:origin",
                        "origin": "classes:bard_11",
                        "layer": "classes:bard"
                    },
                    "action": {
                        "type": "origins:area_of_effect",
                        "radius": 10,
                        "bientity_action": {
                            "type": "origins:target_action",
                            "action": {
                                "type": "origins:and",
                                "actions": [
                                    {
                                        "type": "origins:grant_power",
                                        "power": "*:bard/bardic_inspiration_timer",
                                        "source": "*:*"
                                    },
                                    {
                                        "type": "origins:apply_effect",
                                        "effect": {
                                            "effect": "minecraft:strength",
                                            "duration": 1200,
                                            "show_particles": false
                                        }
                                    }
                                ]
                            }
                        },
                        "bientity_condition": {
                            "type": "origins:target_condition",
                            "condition": {
                                "type": "origins:entity_type",
                                "entity_type": "minecraft:player"
                            }
                        },
                        "include_actor": true
                    }
                },
                {
                    "condition": {
                        "type": "origins:origin",
                        "origin": "classes:bard_wait",
                        "layer": "classes:bard"
                    },
                    "action": {
                        "type": "origins:area_of_effect",
                        "radius": 10,
                        "bientity_action": {
                            "type": "origins:target_action",
                            "action": {
                                "type": "origins:and",
                                "actions": [
                                    {
                                        "type": "origins:grant_power",
                                        "power": "*:bard/bardic_inspiration_timer",
                                        "source": "*:*"
                                    },
                                    {
                                        "type": "origins:apply_effect",
                                        "effect": {
                                            "effect": "minecraft:invisibility",
                                            "duration": 1200,
                                            "show_particles": false
                                        }
                                    }
                                ]
                            }
                        },
                        "bientity_condition": {
                            "type": "origins:target_condition",
                            "condition": {
                                "type": "origins:entity_type",
                                "entity_type": "minecraft:player"
                            }
                        },
                        "include_actor": true
                    }
                },
                {
                    "condition": {
                        "type": "origins:origin",
                        "origin": "classes:bard_otherside",
                        "layer": "classes:bard"
                    },
                    "action": {
                        "type": "origins:area_of_effect",
                        "radius": 10,
                        "bientity_action": {
                            "type": "origins:target_action",
                            "action": {
                                "type": "origins:and",
                                "actions": [
                                    {
                                        "type": "origins:grant_power",
                                        "power": "*:bard/bardic_inspiration_timer",
                                        "source": "*:*"
                                    },
                                    {
                                        "type": "origins:apply_effect",
                                        "effects": [
                                            {
                                                "effect": "minecraft:water_breathing",
                                                "duration": 1200,
                                                "show_particles": false
                                            },
                                            {
                                                "effect": "minecraft:conduit_power",
                                                "duration": 1200,
                                                "show_particles": false
                                            },
                                            {
                                                "effect": "minecraft:dolphins_grace",
                                                "duration": 1200,
                                                "show_particles": false
                                            }
                                        ]
                                    }
                                ]
                            }
                        },
                        "bientity_condition": {
                            "type": "origins:target_condition",
                            "condition": {
                                "type": "origins:entity_type",
                                "entity_type": "minecraft:player"
                            }
                        },
                        "include_actor": true
                    }
                },
                {
                    "condition": {
                        "type": "origins:origin",
                        "origin": "classes:bard_5",
                        "layer": "classes:bard"
                    },
                    "action": {
                        "type": "origins:area_of_effect",
                        "radius": 10,
                        "bientity_action": {
                            "type": "origins:target_action",
                            "action": {
                                "type": "origins:and",
                                "actions": [
                                    {
                                        "type": "origins:grant_power",
                                        "power": "*:bard/bardic_inspiration_timer_5",
                                        "source": "*:*"
                                    },
                                    {
                                        "type": "origins:apply_effect",
                                        "effects": [
                                            {
                                                "effect": "minecraft:night_vision",
                                                "duration": 1200,
                                                "show_particles": false
                                            },
                                            {
                                                "effect": "minecraft:speed",
                                                "duration": 1200,
                                                "show_particles": false
                                            }
                                        ]
                                    }
                                ]
                            }
                        },
                        "bientity_condition": {
                            "type": "origins:target_condition",
                            "condition": {
                                "type": "origins:entity_type",
                                "entity_type": "minecraft:player"
                            }
                        },
                        "include_actor": true
                    }
                },
                {
                    "condition": {
                        "type": "origins:origin",
                        "origin": "classes:bard_pigstep",
                        "layer": "classes:bard"
                    },
                    "action": {
                        "type": "origins:area_of_effect",
                        "radius": 10,
                        "bientity_action": {
                            "type": "origins:target_action",
                            "action": {
                                "type": "origins:and",
                                "actions": [
                                    {
                                        "type": "origins:grant_power",
                                        "power": "*:bard/bardic_inspiration_timer",
                                        "source": "*:*"
                                    },
                                    {
                                        "type": "origins:apply_effect",
                                        "effects": [
                                            {
                                                "effect": "minecraft:fire_resistance",
                                                "duration": 1200,
                                                "show_particles": false
                                            },
                                            {
                                                "effect": "minecraft:strength",
                                                "duration": 1200,
                                                "show_particles": false
                                            },
                                            {
                                                "effect": "minecraft:luck",
                                                "duration": 1200,
                                                "show_particles": false
                                            },
                                            {
                                                "effect": "minecraft:haste",
                                                "duration": 1200,
                                                "show_particles": false
                                            }
                                        ]
                                    }
                                ]
                            }
                        },
                        "bientity_condition": {
                            "type": "origins:target_condition",
                            "condition": {
                                "type": "origins:entity_type",
                                "entity_type": "minecraft:player"
                            }
                        },
                        "include_actor": true
                    }
                },
                {
                    "condition": {
                        "type": "origins:origin",
                        "origin": "classes:bard_relic",
                        "layer": "classes:bard"
                    },
                    "action": {
                        "type": "origins:area_of_effect",
                        "radius": 10,
                        "bientity_action": {
                            "type": "origins:target_action",
                            "action": {
                                "type": "origins:and",
                                "actions": [
                                    {
                                        "type": "origins:grant_power",
                                        "power": "*:bard/bardic_inspiration_timer",
                                        "source": "*:*"
                                    },
                                    {
                                        "type": "origins:apply_effect",
                                        "effects": [
                                            {
                                                "effect": "minecraft:resistance",
                                                "duration": 1200,
                                                "show_particles": false
                                            },
                                            {
                                                "effect": "minecraft:strength",
                                                "duration": 1200,
                                                "show_particles": false
                                            },
                                            {
                                                "effect": "minecraft:regeneration",
                                                "duration": 1200,
                                                "show_particles": false
                                            }
                                        ]
                                    }
                                ]
                            }
                        },
                        "bientity_condition": {
                            "type": "origins:target_condition",
                            "condition": {
                                "type": "origins:entity_type",
                                "entity_type": "minecraft:player"
                            }
                        },
                        "include_actor": true
                    }
                }
            ]
        },
        "condition": {
            "type": "origins:resource",
            "resource": "*:*_resource",
            "comparison": "==",
            "compare_to": 1200
        }
    },
    "change": {
        "type": "origins:active_self",
        "key": {
            "key": "key.origins.quinary_active"
        },
        "entity_action": {
            "type": "origins:execute_command",
            "command": "origin gui @s classes:bard"
        }
    }
}