{
    "name": "Bellowing Horn Timer",
    "hidden": true,
    "type": "origins:multiple",
    "resource": {
        "type": "origins:resource",
        "min": 0,
        "max": 6000,
        "start_value": 6000,
        "min_action": {
            "type": "origins:revoke_power",
            "power": "*:*",
            "source": "*:bard/bellowing_horn"
        },
        "hud_render": {
            "sprite_location": "origins:textures/gui/community/spiderkolo/resource_bar_03.png",
            "bar_index": 20,
            "condition": {
                "type": "origins:power",
                "power": "*:bard/bellowing_horn",
                "inverted": true
            }
        }
    },
    "decrease": {
        "type": "origins:action_over_time",
        "interval": 1,
        "entity_action": {
            "type": "origins:and",
            "actions": [
                {
                    "type": "origins:change_resource",
                    "resource": "*:*_resource",
                    "change": -5
                },
                {
                    "type": "origins:change_resource",
                    "resource": "*:bard/bellowing_horn_resource",
                    "change": -5
                }
            ]
        }
    }
}