{
    "name": "Bellowing Horn",
    "description": "You can use goat horns to impart a variety of effects on all who hear it. Collect different goat horns for different effects.",
    "type": "origins:multiple",
    "resource": {
        "type": "origins:resource",
        "min": 0,
        "max": 6000,
        "start_value": 0,
        "hud_render": {
            "sprite_location": "origins:textures/gui/community/spiderkolo/resource_bar_03.png",
            "bar_index": 20,
            "condition": {
                "type": "origins:resource",
                "resource": "*:*_resource",
                "comparison": "<",
                "compare_to": 6000
            }
        },
        "min_action": {
            "type": "origins:revoke_power",
            "power": "*:bard/bellowing_horn_timer",
            "source": "*:*"
        }
    },
    "increase": {
        "type": "origins:action_over_time",
        "interval": 1,
        "entity_action": {
            "type": "origins:change_resource",
            "resource": "*:*_resource",
            "change": 100
        },
        "condition": {
            "type": "origins:power",
            "power": "*:bard/bellowing_horn_timer",
            "inverted": true
        }
    },
    "grant": {
        "type": "origins:action_on_item_use",
        "entity_action": {
            "type": "origins:if_else_list",
            "actions": [
                {
                    "condition": {
                        "type": "origins:equipped_item",
                        "equipment_slot": "mainhand",
                        "item_condition": {
                            "type": "origins:nbt",
                            "nbt": "{instrument:\"minecraft:call_goat_horn\"}"
                        }
                    },
                    "action": {
                        "type": "origins:area_of_effect",
                        "radius": 256,
                        "bientity_action": {
                            "type": "origins:target_action",
                            "action": {
                                "type": "origins:and",
                                "actions": [
                                    {
                                        "type": "origins:grant_power",
                                        "power": "*:bard/bellowing_horn_timer",
                                        "source": "*:*"
                                    },
                                    {
                                        "type": "origins:apply_effect",
                                        "effect": {
                                            "effect": "minecraft:regeneration",
                                            "duration": 1200,
                                            "show_particles": false
                                        }
                                    }
                                ]
                            }
                        },
                        "bientity_condition": {
                            "type": "origins:target_condition",
                            "condition": {
                                "type": "origins:entity_type",
                                "entity_type": "minecraft:player"
                            }
                        },
                        "include_target": true
                    }
                },
                {
                    "condition": {
                        "type": "origins:equipped_item",
                        "equipment_slot": "mainhand",
                        "item_condition": {
                            "type": "origins:nbt",
                            "nbt": "{instrument:\"minecraft:ponder_goat_horn\"}"
                        }
                    },
                    "action": {
                        "type": "origins:area_of_effect",
                        "radius": 256,
                        "bientity_action": {
                            "type": "origins:target_action",
                            "action": {
                                "type": "origins:and",
                                "actions": [
                                    {
                                        "type": "origins:grant_power",
                                        "power": "*:bard/bellowing_horn_timer",
                                        "source": "*:*"
                                    },
                                    {
                                        "type": "origins:apply_effect",
                                        "effect": {
                                            "effect": "minecraft:resistance",
                                            "duration": 1200,
                                            "show_particles": false
                                        }
                                    }
                                ]
                            }
                        },
                        "bientity_condition": {
                            "type": "origins:target_condition",
                            "condition": {
                                "type": "origins:entity_type",
                                "entity_type": "minecraft:player"
                            }
                        },
                        "include_target": true
                    }
                },
                {
                    "condition": {
                        "type": "origins:equipped_item",
                        "equipment_slot": "mainhand",
                        "item_condition": {
                            "type": "origins:nbt",
                            "nbt": "{instrument:\"minecraft:admire_goat_horn\"}"
                        }
                    },
                    "action": {
                        "type": "origins:area_of_effect",
                        "radius": 256,
                        "bientity_action": {
                            "type": "origins:target_action",
                            "action": {
                                "type": "origins:and",
                                "actions": [
                                    {
                                        "type": "origins:grant_power",
                                        "power": "*:bard/bellowing_horn_timer",
                                        "source": "*:*"
                                    },
                                    {
                                        "type": "origins:apply_effect",
                                        "effect": {
                                            "effect": "minecraft:speed",
                                            "duration": 1200,
                                            "show_particles": false
                                        }
                                    }
                                ]
                            }
                        },
                        "bientity_condition": {
                            "type": "origins:target_condition",
                            "condition": {
                                "type": "origins:entity_type",
                                "entity_type": "minecraft:player"
                            }
                        },
                        "include_target": true
                    }
                },
                {
                    "condition": {
                        "type": "origins:equipped_item",
                        "equipment_slot": "mainhand",
                        "item_condition": {
                            "type": "origins:nbt",
                            "nbt": "{instrument:\"minecraft:yearn_goat_horn\"}"
                        }
                    },
                    "action": {
                        "type": "origins:area_of_effect",
                        "radius": 256,
                        "bientity_action": {
                            "type": "origins:target_action",
                            "action": {
                                "type": "origins:and",
                                "actions": [
                                    {
                                        "type": "origins:grant_power",
                                        "power": "*:bard/bellowing_horn_timer",
                                        "source": "*:*"
                                    },
                                    {
                                        "type": "origins:apply_effect",
                                        "effect": {
                                            "effect": "minecraft:slow_falling",
                                            "duration": 1200,
                                            "show_particles": false
                                        }
                                    }
                                ]
                            }
                        },
                        "bientity_condition": {
                            "type": "origins:target_condition",
                            "condition": {
                                "type": "origins:entity_type",
                                "entity_type": "minecraft:player"
                            }
                        },
                        "include_target": true
                    }
                },
                {
                    "condition": {
                        "type": "origins:equipped_item",
                        "equipment_slot": "mainhand",
                        "item_condition": {
                            "type": "origins:nbt",
                            "nbt": "{instrument:\"minecraft:seek_goat_horn\"}"
                        }
                    },
                    "action": {
                        "type": "origins:area_of_effect",
                        "radius": 256,
                        "bientity_action": {
                            "type": "origins:target_action",
                            "action": {
                                "type": "origins:and",
                                "actions": [
                                    {
                                        "type": "origins:grant_power",
                                        "power": "*:bard/bellowing_horn_timer",
                                        "source": "*:*"
                                    },
                                    {
                                        "type": "origins:apply_effect",
                                        "effect": {
                                            "effect": "minecraft:glowing",
                                            "duration": 1200,
                                            "show_particles": false
                                        }
                                    }
                                ]
                            }
                        },
                        "bientity_condition": {
                            "type": "origins:target_condition",
                            "condition": {
                                "type": "origins:entity_type",
                                "entity_type": "minecraft:player"
                            }
                        },
                        "include_target": true
                    }
                },
                {
                    "condition": {
                        "type": "origins:equipped_item",
                        "equipment_slot": "mainhand",
                        "item_condition": {
                            "type": "origins:nbt",
                            "nbt": "{instrument:\"minecraft:feel_goat_horn\"}"
                        }
                    },
                    "action": {
                        "type": "origins:area_of_effect",
                        "radius": 256,
                        "bientity_action": {
                            "type": "origins:target_action",
                            "action": {
                                "type": "origins:and",
                                "actions": [
                                    {
                                        "type": "origins:grant_power",
                                        "power": "*:bard/bellowing_horn_timer",
                                        "source": "*:*"
                                    },
                                    {
                                        "type": "origins:apply_effect",
                                        "effect": {
                                            "effect": "minecraft:haste",
                                            "duration": 1200,
                                            "show_particles": false
                                        }
                                    }
                                ]
                            }
                        },
                        "bientity_condition": {
                            "type": "origins:target_condition",
                            "condition": {
                                "type": "origins:entity_type",
                                "entity_type": "minecraft:player"
                            }
                        },
                        "include_target": true
                    }
                },
                {
                    "condition": {
                        "type": "origins:equipped_item",
                        "equipment_slot": "mainhand",
                        "item_condition": {
                            "type": "origins:nbt",
                            "nbt": "{instrument:\"minecraft:sing_goat_horn\"}"
                        }
                    },
                    "action": {
                        "type": "origins:area_of_effect",
                        "radius": 256,
                        "bientity_action": {
                            "type": "origins:target_action",
                            "action": {
                                "type": "origins:and",
                                "actions": [
                                    {
                                        "type": "origins:grant_power",
                                        "power": "*:bard/bellowing_horn_timer",
                                        "source": "*:*"
                                    },
                                    {
                                        "type": "origins:apply_effect",
                                        "effect": {
                                            "effect": "minecraft:invisibility",
                                            "duration": 1200,
                                            "show_particles": false
                                        }
                                    }
                                ]
                            }
                        },
                        "bientity_condition": {
                            "type": "origins:target_condition",
                            "condition": {
                                "type": "origins:entity_type",
                                "entity_type": "minecraft:player"
                            }
                        },
                        "include_target": true
                    }
                },
                {
                    "condition": {
                        "type": "origins:equipped_item",
                        "equipment_slot": "mainhand",
                        "item_condition": {
                            "type": "origins:nbt",
                            "nbt": "{instrument:\"minecraft:dream_goat_horn\"}"
                        }
                    },
                    "action": {
                        "type": "origins:area_of_effect",
                        "radius": 256,
                        "bientity_action": {
                            "type": "origins:target_action",
                            "action": {
                                "type": "origins:and",
                                "actions": [
                                    {
                                        "type": "origins:grant_power",
                                        "power": "*:bard/bellowing_horn_timer",
                                        "source": "*:*"
                                    },
                                    {
                                        "type": "origins:apply_effect",
                                        "effect": {
                                            "effect": "minecraft:strength",
                                            "duration": 1200,
                                            "show_particles": false
                                        }
                                    }
                                ]
                            }
                        },
                        "bientity_condition": {
                            "type": "origins:target_condition",
                            "condition": {
                                "type": "origins:entity_type",
                                "entity_type": "minecraft:player"
                            }
                        },
                        "include_target": true
                    }
                }
            ]
        },
        "condition": {
            "type": "origins:resource",
            "resource": "*:*_resource",
            "comparison": "==",
            "compare_to": 6000
        },
        "trigger": "stop"
    }
}