{
    "name": "Disc Collection",
    "hidden": true,
    "type": "origins:multiple",
    "13": {
        "type": "origins:resource",
        "min": 0,
        "max": 1,
        "start_value": 0
    },
    "13_activate": {
        "type": "origins:active_self",
        "key": {
            "key": "key.use"
        },
        "entity_action": {
            "type": "origins:and",
            "actions": [
                {
                    "type": "origins:change_resource",
                    "resource": "*:*_13",
                    "operation": "set",
                    "change": 1
                },
                {
                    "type": "origins:execute_command",
                    "command": "particle glow ~ ~0.5 ~ 0.3 0.3 0.3 0.009 4 normal @a"
                },
                {
                    "type": "origins:play_sound",
                    "sound": "minecraft:block.amethyst_block.chime"
                }
            ]
        },
        "condition": {
            "type": "origins:and",
            "conditions": [
                {
                    "type": "origins:resource",
                    "resource": "*:*_13",
                    "comparison": "==",
                    "compare_to": 0
                },
                {
                    "type": "origins:equipped_item",
                    "equipment_slot": "mainhand",
                    "item_condition": {
                        "type": "origins:ingredient",
                        "ingredient": {
                            "item": "minecraft:music_disc_13"
                        }
                    }
                }
            ]
        }
    },
    "cat": {
        "type": "origins:resource",
        "min": 0,
        "max": 1,
        "start_value": 1
    },
    "cat_activate": {
        "type": "origins:active_self",
        "key": {
            "key": "key.use"
        },
        "entity_action": {
            "type": "origins:and",
            "actions": [
                {
                    "type": "origins:change_resource",
                    "resource": "*:*_cat",
                    "operation": "set",
                    "change": 1
                },
                {
                    "type": "origins:execute_command",
                    "command": "particle glow ~ ~0.5 ~ 0.3 0.3 0.3 0.009 4 normal @a"
                },
                {
                    "type": "origins:play_sound",
                    "sound": "minecraft:block.amethyst_block.chime"
                }
            ]
        },
        "condition": {
            "type": "origins:and",
            "conditions": [
                {
                    "type": "origins:resource",
                    "resource": "*:*_cat",
                    "comparison": "==",
                    "compare_to": 0
                },
                {
                    "type": "origins:equipped_item",
                    "equipment_slot": "mainhand",
                    "item_condition": {
                        "type": "origins:ingredient",
                        "ingredient": {
                            "item": "minecraft:music_disc_cat"
                        }
                    }
                }
            ]
        }
    },
    "blocks": {
        "type": "origins:resource",
        "min": 0,
        "max": 1,
        "start_value": 1
    },
    "blocks_activate": {
        "type": "origins:active_self",
        "key": {
            "key": "key.use"
        },
        "entity_action": {
            "type": "origins:and",
            "actions": [
                {
                    "type": "origins:change_resource",
                    "resource": "*:*_blocks",
                    "operation": "set",
                    "change": 1
                },
                {
                    "type": "origins:execute_command",
                    "command": "particle glow ~ ~0.5 ~ 0.3 0.3 0.3 0.009 4 normal @a"
                },
                {
                    "type": "origins:play_sound",
                    "sound": "minecraft:block.amethyst_block.chime"
                }
            ]
        },
        "condition": {
            "type": "origins:and",
            "conditions": [
                {
                    "type": "origins:resource",
                    "resource": "*:*_blocks",
                    "comparison": "==",
                    "compare_to": 0
                },
                {
                    "type": "origins:equipped_item",
                    "equipment_slot": "mainhand",
                    "item_condition": {
                        "type": "origins:ingredient",
                        "ingredient": {
                            "item": "minecraft:music_disc_blocks"
                        }
                    }
                }
            ]
        }
    },
    "chirp": {
        "type": "origins:resource",
        "min": 0,
        "max": 1,
        "start_value": 0
    },
    "chirp_activate": {
        "type": "origins:active_self",
        "key": {
            "key": "key.use"
        },
        "entity_action": {
            "type": "origins:and",
            "actions": [
                {
                    "type": "origins:change_resource",
                    "resource": "*:*_chirp",
                    "operation": "set",
                    "change": 1
                },
                {
                    "type": "origins:execute_command",
                    "command": "particle glow ~ ~0.5 ~ 0.3 0.3 0.3 0.009 4 normal @a"
                },
                {
                    "type": "origins:play_sound",
                    "sound": "minecraft:block.amethyst_block.chime"
                }
            ]
        },
        "condition": {
            "type": "origins:and",
            "conditions": [
                {
                    "type": "origins:resource",
                    "resource": "*:*_chirp",
                    "comparison": "==",
                    "compare_to": 0
                },
                {
                    "type": "origins:equipped_item",
                    "equipment_slot": "mainhand",
                    "item_condition": {
                        "type": "origins:ingredient",
                        "ingredient": {
                            "item": "minecraft:music_disc_chirp"
                        }
                    }
                }
            ]
        }
    },
    "far": {
        "type": "origins:resource",
        "min": 0,
        "max": 1,
        "start_value": 0
    },
    "far_activate": {
        "type": "origins:active_self",
        "key": {
            "key": "key.use"
        },
        "entity_action": {
            "type": "origins:and",
            "actions": [
                {
                    "type": "origins:change_resource",
                    "resource": "*:*_far",
                    "operation": "set",
                    "change": 1
                },
                {
                    "type": "origins:execute_command",
                    "command": "particle glow ~ ~0.5 ~ 0.3 0.3 0.3 0.009 4 normal @a"
                },
                {
                    "type": "origins:play_sound",
                    "sound": "minecraft:block.amethyst_block.chime"
                }
            ]
        },
        "condition": {
            "type": "origins:and",
            "conditions": [
                {
                    "type": "origins:resource",
                    "resource": "*:*_far",
                    "comparison": "==",
                    "compare_to": 0
                },
                {
                    "type": "origins:equipped_item",
                    "equipment_slot": "mainhand",
                    "item_condition": {
                        "type": "origins:ingredient",
                        "ingredient": {
                            "item": "minecraft:music_disc_far"
                        }
                    }
                }
            ]
        }
    },
    "mall": {
        "type": "origins:resource",
        "min": 0,
        "max": 1,
        "start_value": 0
    },
    "mall_activate": {
        "type": "origins:active_self",
        "key": {
            "key": "key.use"
        },
        "entity_action": {
            "type": "origins:and",
            "actions": [
                {
                    "type": "origins:change_resource",
                    "resource": "*:*_mall",
                    "operation": "set",
                    "change": 1
                },
                {
                    "type": "origins:execute_command",
                    "command": "particle glow ~ ~0.5 ~ 0.3 0.3 0.3 0.009 4 normal @a"
                },
                {
                    "type": "origins:play_sound",
                    "sound": "minecraft:block.amethyst_block.chime"
                }
            ]
        },
        "condition": {
            "type": "origins:and",
            "conditions": [
                {
                    "type": "origins:resource",
                    "resource": "*:*_mall",
                    "comparison": "==",
                    "compare_to": 0
                },
                {
                    "type": "origins:equipped_item",
                    "equipment_slot": "mainhand",
                    "item_condition": {
                        "type": "origins:ingredient",
                        "ingredient": {
                            "item": "minecraft:music_disc_mall"
                        }
                    }
                }
            ]
        }
    },
    "mellohi": {
        "type": "origins:resource",
        "min": 0,
        "max": 1,
        "start_value": 0
    },
    "mellohi_activate": {
        "type": "origins:active_self",
        "key": {
            "key": "key.use"
        },
        "entity_action": {
            "type": "origins:and",
            "actions": [
                {
                    "type": "origins:change_resource",
                    "resource": "*:*_mellohi",
                    "operation": "set",
                    "change": 1
                },
                {
                    "type": "origins:execute_command",
                    "command": "particle glow ~ ~0.5 ~ 0.3 0.3 0.3 0.009 4 normal @a"
                },
                {
                    "type": "origins:play_sound",
                    "sound": "minecraft:block.amethyst_block.chime"
                }
            ]
        },
        "condition": {
            "type": "origins:and",
            "conditions": [
                {
                    "type": "origins:resource",
                    "resource": "*:*_mellohi",
                    "comparison": "==",
                    "compare_to": 0
                },
                {
                    "type": "origins:equipped_item",
                    "equipment_slot": "mainhand",
                    "item_condition": {
                        "type": "origins:ingredient",
                        "ingredient": {
                            "item": "minecraft:music_disc_mellohi"
                        }
                    }
                }
            ]
        }
    },
    "stal": {
        "type": "origins:resource",
        "min": 0,
        "max": 1,
        "start_value": 0
    },
    "stal_activate": {
        "type": "origins:active_self",
        "key": {
            "key": "key.use"
        },
        "entity_action": {
            "type": "origins:and",
            "actions": [
                {
                    "type": "origins:change_resource",
                    "resource": "*:*_stal",
                    "operation": "set",
                    "change": 1
                },
                {
                    "type": "origins:execute_command",
                    "command": "particle glow ~ ~0.5 ~ 0.3 0.3 0.3 0.009 4 normal @a"
                },
                {
                    "type": "origins:play_sound",
                    "sound": "minecraft:block.amethyst_block.chime"
                }
            ]
        },
        "condition": {
            "type": "origins:and",
            "conditions": [
                {
                    "type": "origins:resource",
                    "resource": "*:*_stal",
                    "comparison": "==",
                    "compare_to": 0
                },
                {
                    "type": "origins:equipped_item",
                    "equipment_slot": "mainhand",
                    "item_condition": {
                        "type": "origins:ingredient",
                        "ingredient": {
                            "item": "minecraft:music_disc_stal"
                        }
                    }
                }
            ]
        }
    },
    "strad": {
        "type": "origins:resource",
        "min": 0,
        "max": 1,
        "start_value": 1
    },
    "strad_activate": {
        "type": "origins:active_self",
        "key": {
            "key": "key.use"
        },
        "entity_action": {
            "type": "origins:and",
            "actions": [
                {
                    "type": "origins:change_resource",
                    "resource": "*:*_strad",
                    "operation": "set",
                    "change": 1
                },
                {
                    "type": "origins:execute_command",
                    "command": "particle glow ~ ~0.5 ~ 0.3 0.3 0.3 0.009 4 normal @a"
                },
                {
                    "type": "origins:play_sound",
                    "sound": "minecraft:block.amethyst_block.chime"
                }
            ]
        },
        "condition": {
            "type": "origins:and",
            "conditions": [
                {
                    "type": "origins:resource",
                    "resource": "*:*_strad",
                    "comparison": "==",
                    "compare_to": 0
                },
                {
                    "type": "origins:equipped_item",
                    "equipment_slot": "mainhand",
                    "item_condition": {
                        "type": "origins:ingredient",
                        "ingredient": {
                            "item": "minecraft:music_disc_strad"
                        }
                    }
                }
            ]
        }
    },
    "ward": {
        "type": "origins:resource",
        "min": 0,
        "max": 1,
        "start_value": 0
    },
    "ward_activate": {
        "type": "origins:active_self",
        "key": {
            "key": "key.use"
        },
        "entity_action": {
            "type": "origins:and",
            "actions": [
                {
                    "type": "origins:change_resource",
                    "resource": "*:*_ward",
                    "operation": "set",
                    "change": 1
                },
                {
                    "type": "origins:execute_command",
                    "command": "particle glow ~ ~0.5 ~ 0.3 0.3 0.3 0.009 4 normal @a"
                },
                {
                    "type": "origins:play_sound",
                    "sound": "minecraft:block.amethyst_block.chime"
                }
            ]
        },
        "condition": {
            "type": "origins:and",
            "conditions": [
                {
                    "type": "origins:resource",
                    "resource": "*:*_ward",
                    "comparison": "==",
                    "compare_to": 0
                },
                {
                    "type": "origins:equipped_item",
                    "equipment_slot": "mainhand",
                    "item_condition": {
                        "type": "origins:ingredient",
                        "ingredient": {
                            "item": "minecraft:music_disc_ward"
                        }
                    }
                }
            ]
        }
    },
    "11": {
        "type": "origins:resource",
        "min": 0,
        "max": 1,
        "start_value": 0
    },
    "11_activate": {
        "type": "origins:active_self",
        "key": {
            "key": "key.use"
        },
        "entity_action": {
            "type": "origins:and",
            "actions": [
                {
                    "type": "origins:change_resource",
                    "resource": "*:*_11",
                    "operation": "set",
                    "change": 1
                },
                {
                    "type": "origins:execute_command",
                    "command": "particle glow ~ ~0.5 ~ 0.3 0.3 0.3 0.009 4 normal @a"
                },
                {
                    "type": "origins:play_sound",
                    "sound": "minecraft:block.amethyst_block.chime"
                }
            ]
        },
        "condition": {
            "type": "origins:and",
            "conditions": [
                {
                    "type": "origins:resource",
                    "resource": "*:*_11",
                    "comparison": "==",
                    "compare_to": 0
                },
                {
                    "type": "origins:equipped_item",
                    "equipment_slot": "mainhand",
                    "item_condition": {
                        "type": "origins:ingredient",
                        "ingredient": {
                            "item": "minecraft:music_disc_11"
                        }
                    }
                }
            ]
        }
    },
    "wait": {
        "type": "origins:resource",
        "min": 0,
        "max": 1,
        "start_value": 0
    },
    "wait_activate": {
        "type": "origins:active_self",
        "key": {
            "key": "key.use"
        },
        "entity_action": {
            "type": "origins:and",
            "actions": [
                {
                    "type": "origins:change_resource",
                    "resource": "*:*_wait",
                    "operation": "set",
                    "change": 1
                },
                {
                    "type": "origins:execute_command",
                    "command": "particle glow ~ ~0.5 ~ 0.3 0.3 0.3 0.009 4 normal @a"
                },
                {
                    "type": "origins:play_sound",
                    "sound": "minecraft:block.amethyst_block.chime"
                }
            ]
        },
        "condition": {
            "type": "origins:and",
            "conditions": [
                {
                    "type": "origins:resource",
                    "resource": "*:*_wait",
                    "comparison": "==",
                    "compare_to": 0
                },
                {
                    "type": "origins:equipped_item",
                    "equipment_slot": "mainhand",
                    "item_condition": {
                        "type": "origins:ingredient",
                        "ingredient": {
                            "item": "minecraft:music_disc_wait"
                        }
                    }
                }
            ]
        }
    },
    "otherside": {
        "type": "origins:resource",
        "min": 0,
        "max": 1,
        "start_value": 0
    },
    "otherside_activate": {
        "type": "origins:active_self",
        "key": {
            "key": "key.use"
        },
        "entity_action": {
            "type": "origins:and",
            "actions": [
                {
                    "type": "origins:change_resource",
                    "resource": "*:*_otherside",
                    "operation": "set",
                    "change": 1
                },
                {
                    "type": "origins:execute_command",
                    "command": "particle glow ~ ~0.5 ~ 0.3 0.3 0.3 0.009 4 normal @a"
                },
                {
                    "type": "origins:play_sound",
                    "sound": "minecraft:block.amethyst_block.chime"
                }
            ]
        },
        "condition": {
            "type": "origins:and",
            "conditions": [
                {
                    "type": "origins:resource",
                    "resource": "*:*_otherside",
                    "comparison": "==",
                    "compare_to": 0
                },
                {
                    "type": "origins:equipped_item",
                    "equipment_slot": "mainhand",
                    "item_condition": {
                        "type": "origins:ingredient",
                        "ingredient": {
                            "item": "minecraft:music_disc_otherside"
                        }
                    }
                }
            ]
        }
    },
    "5": {
        "type": "origins:resource",
        "min": 0,
        "max": 1,
        "start_value": 0
    },
    "5_activate": {
        "type": "origins:active_self",
        "key": {
            "key": "key.use"
        },
        "entity_action": {
            "type": "origins:and",
            "actions": [
                {
                    "type": "origins:change_resource",
                    "resource": "*:*_5",
                    "operation": "set",
                    "change": 1
                },
                {
                    "type": "origins:execute_command",
                    "command": "particle glow ~ ~0.5 ~ 0.3 0.3 0.3 0.009 4 normal @a"
                },
                {
                    "type": "origins:play_sound",
                    "sound": "minecraft:block.amethyst_block.chime"
                }
            ]
        },
        "condition": {
            "type": "origins:and",
            "conditions": [
                {
                    "type": "origins:resource",
                    "resource": "*:*_5",
                    "comparison": "==",
                    "compare_to": 0
                },
                {
                    "type": "origins:equipped_item",
                    "equipment_slot": "mainhand",
                    "item_condition": {
                        "type": "origins:ingredient",
                        "ingredient": {
                            "item": "minecraft:music_disc_5"
                        }
                    }
                }
            ]
        }
    },
    "pigstep": {
        "type": "origins:resource",
        "min": 0,
        "max": 1,
        "start_value": 0
    },
    "pigstep_activate": {
        "type": "origins:active_self",
        "key": {
            "key": "key.use"
        },
        "entity_action": {
            "type": "origins:and",
            "actions": [
                {
                    "type": "origins:change_resource",
                    "resource": "*:*_pigstep",
                    "operation": "set",
                    "change": 1
                },
                {
                    "type": "origins:execute_command",
                    "command": "particle glow ~ ~0.5 ~ 0.3 0.3 0.3 0.009 4 normal @a"
                },
                {
                    "type": "origins:play_sound",
                    "sound": "minecraft:block.amethyst_block.chime"
                }
            ]
        },
        "condition": {
            "type": "origins:and",
            "conditions": [
                {
                    "type": "origins:resource",
                    "resource": "*:*_pigstep",
                    "comparison": "==",
                    "compare_to": 0
                },
                {
                    "type": "origins:equipped_item",
                    "equipment_slot": "mainhand",
                    "item_condition": {
                        "type": "origins:ingredient",
                        "ingredient": {
                            "item": "minecraft:music_disc_pigstep"
                        }
                    }
                }
            ]
        }
    },
    "relic": {
        "type": "origins:resource",
        "min": 0,
        "max": 1,
        "start_value": 0
    },
    "relic_activate": {
        "type": "origins:active_self",
        "key": {
            "key": "key.use"
        },
        "entity_action": {
            "type": "origins:and",
            "actions": [
                {
                    "type": "origins:change_resource",
                    "resource": "*:*_relic",
                    "operation": "set",
                    "change": 1
                },
                {
                    "type": "origins:execute_command",
                    "command": "particle glow ~ ~0.5 ~ 0.3 0.3 0.3 0.009 4 normal @a"
                },
                {
                    "type": "origins:play_sound",
                    "sound": "minecraft:block.amethyst_block.chime"
                }
            ]
        },
        "condition": {
            "type": "origins:and",
            "conditions": [
                {
                    "type": "origins:resource",
                    "resource": "*:*_relic",
                    "comparison": "==",
                    "compare_to": 0
                },
                {
                    "type": "origins:equipped_item",
                    "equipment_slot": "mainhand",
                    "item_condition": {
                        "type": "origins:ingredient",
                        "ingredient": {
                            "item": "minecraft:music_disc_relic"
                        }
                    }
                }
            ]
        }
    }
}