{
    "name": "Aura of Protection",
    "description": "You exude an aura of protection, granting the Resistance effect to those near you.",
    "type": "origins:multiple",
    "badges": [
        {
            "type": "origins:keybind",
            "sprite": "origins:textures/gui/badge/active.png",
            "text": "Active ability, %s to use."
        },
        {
            "type": "origins:tooltip",
            "sprite": "origins:textures/gui/badge/info.png",
            "text": "Bound to \"Active Power (Quaternary)\""
        }
    ],
    "resource": {
        "type": "origins:resource",
        "min": 0,
        "max": 1200,
        "start_value": 0,
        "hud_render": {
            "sprite_location": "origins:textures/gui/community/spiderkolo/resource_bar_02.png",
            "bar_index": 0,
            "condition": {
                "type": "origins:resource",
                "resource": "*:*_resource",
                "comparison": "==",
                "compare_to": 1200,
                "inverted": true
            }
        },
        "min_action": {
            "type": "origins:revoke_power",
            "power": "*:paladin/protection_timer",
            "source": "*:*"
        }
    },
    "increase": {
        "type": "origins:action_over_time",
        "interval": 1,
        "entity_action": {
            "type": "origins:change_resource",
            "resource": "*:*_resource",
            "change": 1
        },
        "condition": {
            "type": "origins:power",
            "power": "*:paladin/protection_timer",
            "inverted": true
        }
    },
    "grant": {
        "type": "origins:active_self",
        "key": {
            "key": "key.origins.quaternary_active"
        },
        "entity_action": {
            "type": "origins:area_of_effect",
            "radius": 10,
            "bientity_action": {
                "type": "origins:target_action",
                "action": {
                    "type": "origins:and",
                    "actions": [
                        {
                            "type": "origins:grant_power",
                            "power": "*:paladin/protection_timer",
                            "source": "*:*"
                        },
                        {
                            "type": "origins:apply_effect",
                            "effect": {
                                "effect": "minecraft:resistance",
                                "duration": 1200,
                                "show_particles": false
                            }
                        }
                    ]
                }
            },
            "bientity_condition": {
                "type": "origins:target_condition",
                "condition": {
                    "type": "origins:entity_type",
                    "entity_type": "minecraft:player"
                }
            },
            "include_target": true
        },
        "condition": {
            "type": "origins:resource",
            "resource": "*:*_resource",
            "comparison": "==",
            "compare_to": 1200
        }
    }
}