{
    "name": "Unarmored Defense",
    "description": "You have extra speed and defense when not wearing armor.",
    "type": "origins:conditioned_attribute",
    "modifiers": [
        {
            "name": "Unarmored Defense defense",
            "attribute": "minecraft:generic.armor",
            "operation": "addition",
            "value": 15
        },
        {
            "name": "Unarmored Defense speed",
            "attribute": "minecraft:generic.movement_speed",
            "operation": "multiply_base",
            "value": 0.1
        }
    ],
    "condition": {
        "type": "origins:and",
        "conditions": [
            {
                "type": "origins:equipped_item",
                "equipment_slot": "head",
                "item_condition": {
                    "type": "origins:empty"
                }
            },
            {
                "type": "origins:equipped_item",
                "equipment_slot": "chest",
                "item_condition": {
                    "type": "origins:or",
                    "conditions": [
                        {
                            "type": "origins:empty"
                        },
                        {
                            "type": "origins:ingredient",
                            "ingredient": {
                                "item": "minecraft:elytra"
                            }
                        }
                    ]
                }
            },
            {
                "type": "origins:equipped_item",
                "equipment_slot": "legs",
                "item_condition": {
                    "type": "origins:empty"
                }
            },
            {
                "type": "origins:equipped_item",
                "equipment_slot": "feet",
                "item_condition": {
                    "type": "origins:empty"
                }
            }
        ]
    }
}