{
    "name": "Play Dead",
    "description": "You can freeze in place and regenerate health.",
    "type": "origins:multiple",
    "toggle": {
        "type": "origins:toggle",
        "active_by_default": false,
        "key": {
            "key": "key.origins.secondary_active"
        }
    },
    "heal": {
        "type": "origins:action_over_time",
        "interval": 20,
        "entity_action": {
            "type": "origins:apply_effect",
            "effect": {
                "effect": "minecraft:regeneration",
                "duration": 100
            }
        },
        "condition": {
            "type": "origins:power_active",
            "power": "*:*_toggle"
        }
    },
    "no_move": {
        "type": "origins:modify_velocity",
        "modifier": {
            "value": 0,
            "operation": "set_total"
        },
        "condition": {
            "type": "origins:power_active",
            "power": "*:*_toggle"
        }
    }
}