{
    "name": "Spellcasting",
    "description": "You can cast spells that grant you various positive effects, or your enemies various negative ones. You must first experience an effect naturally in order to learn the spell that grants it.",
    "type": "origins:multiple",
    "badges": [
        {
            "type": "origins:keybind",
            "sprite": "origins:textures/gui/badge/active.png",
            "text": "Active ability, %s to select prepared spell."
        },
        {
            "type": "origins:tooltip",
            "sprite": "origins:textures/gui/badge/info.png",
            "text": "To use your Spellcasting ability, right click an entity to target them, or use your \"Active Power (Quaternary)\" key to target on yourself."
        },
        {
            "type": "origins:tooltip",
            "sprite": "origins:textures/gui/badge/info.png",
            "text": "The key to change the spell you have selected is bound to your \"Active Power (Quinary)\" key. You cannot change the spell while the ability is active."
        }
    ],
    "resource": {
        "type": "origins:resource",
        "min": 0,
        "max": 3600,
        "start_value": 0,
        "min_action": {
            "type": "origins:and",
            "actions": [
                {
                    "type": "origins:revoke_power",
                    "power": "*:sorcerer/timer",
                    "source": "*:sorcerer/spellcasting_good_other"
                },
                {
                    "type": "origins:revoke_power",
                    "power": "*:sorcerer/timer",
                    "source": "*:sorcerer/spellcasting_good_self"
                },
                {
                    "type": "origins:revoke_power",
                    "power": "*:sorcerer/timer",
                    "source": "*:sorcerer/spellcasting_bad_other"
                },
                {
                    "type": "origins:revoke_power",
                    "power": "*:sorcerer/timer",
                    "source": "*:sorcerer/spellcasting_bad_self"
                }
            ]
        },
        "hud_render": {
            "should_render": true,
            "sprite_location": "origins:textures/gui/community/spiderkolo/resource_bar_02.png",
            "bar_index": 15,
            "condition": {
                "type": "origins:resource",
                "resource": "*:*_resource",
                "comparison": "<",
                "compare_to": 3600
            }
        }
    },
    "charge": {
        "type": "origins:action_over_time",
        "interval": 1,
        "entity_action": {
            "type": "origins:if_else",
            "condition": {
                "type": "origins:origin",
                "origin": "classes:metamagic_quickened",
                "layer": "classes:metamagic"
            },
            "if_action": {
                "type": "origins:change_resource",
                "resource": "*:*_resource",
                "change": 6
            },
            "else_action": {
                "type": "origins:change_resource",
                "resource": "*:*_resource",
                "change": 3
            }
        },
        "condition": {
            "type": "origins:power",
            "power": "*:sorcerer/timer",
            "inverted": true
        }
    },
    "change": {
        "type": "origins:active_self",
        "key": {
            "key": "key.origins.quinary_active"
        },
        "entity_action": {
            "type": "origins:execute_command",
            "command": "origin gui @s classes:sorcerer"
        },
        "condition": {
            "type": "origins:power",
            "power": "*:sorcerer/timer",
            "inverted": true
        }
    }
}