{
    "name": "Strong Stomach",
    "description": "You can eat any food item without suffering any negative effects.",
    "type": "origins:modify_food",
    "item_condition": {
        "type": "origins:or",
        "conditions": [
            {
                "type": "origins:ingredient",
                "ingredient": {
                    "item": "minecraft:pufferfish"
                }
            },
            {
                "type": "origins:ingredient",
                "ingredient": {
                    "item": "minecraft:chicken"
                }
            },
            {
                "type": "origins:ingredient",
                "ingredient": {
                    "item": "minecraft:rotten_flesh"
                }
            },
            {
                "type": "origins:ingredient",
                "ingredient": {
                    "item": "minecraft:spider_eye"
                }
            }
        ]
    },
    "prevent_effects": true
}