{
    "function": "minecraft:set_lore",
    "entity": "this",
    "lore": [
        {
            "text": "The wearer of the Boots of the Winding Path",
            "color": "light_purple",
            "italic": false
        },
        {
            "text": "is able to teleport up to 40 blocks away.",
            "color": "light_purple",
            "italic": false
        },
        {
            "text": "Activate with your \"Active Power (Nonary)\" key.",
            "color": "light_purple",
            "italic": false
        }
    ]
}