{
    "name": "Dolphin's Grace",
    "description": "You can give the Dolphin's Grace effect to yourself and anything swimming near you.",
    "type": "origins:multiple",
    "toggle": {
        "type": "origins:toggle",
        "active_by_default": false,
        "key": {
            "key": "key.origins.secondary_active"
        }
    },
    "grant": {
        "type": "origins:action_over_time",
        "interval": 1,
        "entity_action": {
            "type": "origins:area_of_effect",
            "bientity_action": {
                "type": "origins:target_action",
                "action": {
                    "type": "origins:apply_effect",
                    "effect": {
                        "effect": "minecraft:dolphins_grace",
                        "duration": 200
                    }
                }
            },
            "bientity_condition": {
                "type": "origins:target_condition",
                "condition": {
                    "type": "origins:and",
                    "conditions": [
                        {
                            "type": "origins:submerged_in",
                            "fluid": "minecraft:water"
                        },
                        {
                            "type": "origins:swimming"
                        }
                    ]
                }
            },
            "include_target": true
        },
        "condition": {
            "type": "origins:power_active",
            "power": "*:*_toggle"
        }
    }
}