{
    "name": "Metamorphosis",
    "description": "If you spend enough time as a tadpole, eventually you turn into a frog.",
    "type": "origins:multiple",
    "resource": {
        "type": "origins:resource",
        "min": 0,
        "max": 1200,
        "start_value": 0,
        "max_action": {
            "type": "origins:and",
            "actions": [
                {
                    "type": "origins:change_resource",
                    "resource": "*:druid/beast_collection_tadpole",
                    "operation": "set",
                    "change": 1
                },
                {
                    "type": "origins:execute_command",
                    "command": "origin set @s classes:druid classes:druid_frog"
                }
            ]
        },
        "hud_render": {
            "should_render": true,
            "bar_index": 8
        }
    },
    "increase": {
        "type": "origins:action_over_time",
        "interval": 20,
        "entity_action": {
            "type": "origins:change_resource",
            "resource": "*:*_resource",
            "change": 1
        }
    }
}