{
    "name": "Infusion Collection",
    "hidden": true,
    "type": "origins:multiple",
    "arcane_propulsion_armor": {
        "type": "origins:resource",
        "min": 0,
        "max": 1,
        "start_value": 0
    },
    "arcane_propulsion_armor_activate": {
        "type": "origins:action_over_time",
        "interval": 1,
        "entity_action": {
            "type": "origins:change_resource",
            "resource": "*:*_arcane_propulsion_armor",
            "change": 1
        },
        "condition": {
            "type": "origins:status_effect",
            "effect": "minecraft:levitation"
        }
    },
    "armor_of_the_ocean": {
        "type": "origins:resource",
        "min": 0,
        "max": 1,
        "start_value": 0
    },
    "armor_of_the_ocean_activate": {
        "type": "origins:action_over_time",
        "interval": 1,
        "entity_action": {
            "type": "origins:change_resource",
            "resource": "*:*_armor_of_the_ocean",
            "change": 1
        },
        "condition": {
            "type": "origins:status_effect",
            "effect": "minecraft:water_breathing"
        }
    },
    "repulsion_armor": {
        "type": "origins:resource",
        "min": 0,
        "max": 1,
        "start_value": 0
    },
    "repulsion_armor_activate": {
        "type": "origins:action_over_time",
        "interval": 1,
        "entity_action": {
            "type": "origins:change_resource",
            "resource": "*:*_repulsion_armor",
            "change": 1
        },
        "condition": {
            "type": "origins:inventory",
            "item_condition": {
                "type": "origins:ingredient",
                "ingredient": {
                    "tag": "minecraft:trimmable_armor"
                }
            }
        }
    },
    "suit_of_spider_climbing": {
        "type": "origins:resource",
        "min": 0,
        "max": 1,
        "start_value": 0
    },
    "suit_of_spider_climbing_activate": {
        "type": "origins:self_action_on_kill",
        "entity_action": {
            "type": "origins:change_resource",
            "resource": "*:*_suit_of_spider_climbing",
            "change": 1
        },
        "target_condition": {
            "type": "origins:or",
            "conditions": [
                {
                    "type": "origins:entity_type",
                    "entity_type": "minecraft:spider"
                },
                {
                    "type": "origins:entity_type",
                    "entity_type": "minecraft:cave_spider"
                }
            ]
        }
    },
    "vanishing_armor": {
        "type": "origins:resource",
        "min": 0,
        "max": 1,
        "start_value": 0
    },
    "vanishing_armor_activate": {
        "type": "origins:action_over_time",
        "interval": 1,
        "entity_action": {
            "type": "origins:change_resource",
            "resource": "*:*_vanishing_armor",
            "change": 1
        },
        "condition": {
            "type": "origins:status_effect",
            "effect": "minecraft:invisibility"
        }
    }
}