{
    "name": "Infusion Collection",
    "hidden": true,
    "type": "origins:multiple",
    "boots_of_the_winding_path": {
        "type": "origins:resource",
        "min": 0,
        "max": 1,
        "start_value": 0
    },
    "boots_of_the_winding_path_activate": {
        "type": "origins:action_on_item_use",
        "entity_action": {
            "type": "origins:change_resource",
            "resource": "*:*_boots_of_the_winding_path",
            "change": 1
        },
        "item_condition": {
            "type": "origins:ingredient",
            "ingredient": {
                "item": "minecraft:ender_pearl"
            }
        },
        "trigger": "instant"
    },
    "extending_arms": {
        "type": "origins:resource",
        "min": 0,
        "max": 1,
        "start_value": 0
    },
    "extending_arms_activate": {
        "type": "origins:self_action_on_kill",
        "entity_action": {
            "type": "origins:change_resource",
            "resource": "*:*_extending_arms",
            "change": 1
        },
        "target_condition": {
            "type": "origins:entity_type",
            "entity_type": "minecraft:enderman"
        }
    },
    "helm_of_awareness": {
        "type": "origins:resource",
        "min": 0,
        "max": 1,
        "start_value": 0
    },
    "helm_of_awareness_activate": {
        "type": "origins:action_over_time",
        "interval": 1,
        "entity_action": {
            "type": "origins:change_resource",
            "resource": "*:*_helm_of_awareness",
            "change": 1
        },
        "condition": {
            "type": "origins:status_effect",
            "effect": "minecraft:glowing"
        }
    },
    "jet_boots": {
        "type": "origins:resource",
        "min": 0,
        "max": 1,
        "start_value": 0
    },
    "jet_boots_activate": {
        "type": "origins:action_over_time",
        "interval": 1,
        "entity_action": {
            "type": "origins:change_resource",
            "resource": "*:*_jet_boots",
            "change": 1
        },
        "condition": {
            "type": "origins:inventory",
            "item_condition": {
                "type": "origins:ingredient",
                "ingredient": {
                    "tag": "classes:boots"
                }
            }
        }
    },
    "power_pants": {
        "type": "origins:resource",
        "min": 0,
        "max": 1,
        "start_value": 0
    },
    "power_pants_activate": {
        "type": "origins:action_over_time",
        "interval": 1,
        "entity_action": {
            "type": "origins:change_resource",
            "resource": "*:*_power_pants",
            "change": 1
        },
        "condition": {
            "type": "origins:status_effect",
            "effect": "minecraft:speed"
        }
    }
}