{
    "name": "Infusion Collection",
    "hidden": true,
    "type": "origins:multiple",
    "bag_of_holding": {
        "type": "origins:resource",
        "min": 0,
        "max": 1,
        "start_value": 0
    },
    "bag_of_holding_activate": {
        "type": "origins:action_over_time",
        "interval": 1,
        "entity_action": {
            "type": "origins:change_resource",
            "resource": "*:*_bag_of_holding",
            "change": 1
        },
        "condition": {
            "type": "origins:inventory",
            "item_condition": {
                "type": "origins:ingredient",
                "ingredient": {
                    "item": "minecraft:bundle"
                }
            }
        }
    },
    "mechanical_wings": {
        "type": "origins:resource",
        "min": 0,
        "max": 1,
        "start_value": 0
    },
    "mechanical_wings_activate": {
        "type": "origins:action_over_time",
        "interval": 1,
        "entity_action": {
            "type": "origins:change_resource",
            "resource": "*:*_mechanical_wings",
            "change": 1
        },
        "condition": {
            "type": "origins:inventory",
            "item_condition": {
                "type": "origins:ingredient",
                "ingredient": {
                    "item": "minecraft:elytra"
                }
            }
        }
    },
    "radiant_weapon": {
        "type": "origins:resource",
        "min": 0,
        "max": 1,
        "start_value": 0
    },
    "radiant_weapon_activate": {
        "type": "origins:action_over_time",
        "interval": 1,
        "entity_action": {
            "type": "origins:change_resource",
            "resource": "*:*_radiant_weapon",
            "change": 1
        },
        "condition": {
            "type": "origins:or",
            "conditions": [
                {
                    "type": "origins:status_effect",
                    "effect": "minecraft:blindness"
                },
                {
                    "type": "origins:status_effect",
                    "effect": "minecraft:darkness"
                }
            ]
        }
    },
    "shatterpick": {
        "type": "origins:resource",
        "min": 0,
        "max": 1,
        "start_value": 0
    },
    "shatterpick_activate": {
        "type": "origins:action_over_time",
        "interval": 1,
        "entity_action": {
            "type": "origins:change_resource",
            "resource": "*:*_shatterpick",
            "change": 1
        },
        "condition": {
            "type": "origins:status_effect",
            "effect": "minecraft:haste"
        }
    },
    "tunnel_bore": {
        "type": "origins:resource",
        "min": 0,
        "max": 1,
        "start_value": 0
    },
    "tunnel_bore_activate": {
        "type": "origins:action_over_time",
        "interval": 1,
        "entity_action": {
            "type": "origins:change_resource",
            "resource": "*:*_tunnel_bore",
            "change": 1
        },
        "condition": {
            "type": "origins:inventory",
            "item_condition": {
                "type": "origins:ingredient",
                "ingredient": {
                    "item": "minecraft:redstone"
                }
            }
        }
    }
}