{
    "name": "Favored Enemy",
    "description": "You have significant experience studying, tracking, and hunting a specific type of entity. You do extra damage to your favored enemy.",
    "type": "origins:multiple",
    "blaze": {
        "type": "origins:modify_damage_dealt",
        "bientity_condition": {
            "type": "origins:actor_condition",
            "condition": {
                "type": "origins:origin",
                "origin": "classes:ranger_blaze",
                "layer": "classes:ranger"
            }
        },
        "target_condition": {
            "type": "origins:entity_type",
            "entity_type": "minecraft:blaze"
        },
        "modifier": {
            "operation": "addition",
            "value": 3
        }
    },
    "bugs": {
        "type": "origins:modify_damage_dealt",
        "bientity_condition": {
            "type": "origins:actor_condition",
            "condition": {
                "type": "origins:origin",
                "origin": "classes:ranger_bugs",
                "layer": "classes:ranger"
            }
        },
        "target_condition": {
            "type": "origins:or",
            "conditions": [
                {
                    "type": "origins:entity_type",
                    "entity_type": "minecraft:cave_spider"
                },
                {
                    "type": "origins:entity_type",
                    "entity_type": "minecraft:silverfish"
                },
                {
                    "type": "origins:entity_type",
                    "entity_type": "minecraft:spider"
                }
            ]
        },
        "modifier": {
            "operation": "addition",
            "value": 3
        }
    },
    "creeper": {
        "type": "origins:modify_damage_dealt",
        "bientity_condition": {
            "type": "origins:actor_condition",
            "condition": {
                "type": "origins:origin",
                "origin": "classes:ranger_creeper",
                "layer": "classes:ranger"
            }
        },
        "target_condition": {
            "type": "origins:entity_type",
            "entity_type": "minecraft:creeper"
        },
        "modifier": {
            "operation": "addition",
            "value": 3
        }
    },
    "end_denizens": {
        "type": "origins:modify_damage_dealt",
        "bientity_condition": {
            "type": "origins:actor_condition",
            "condition": {
                "type": "origins:origin",
                "origin": "classes:ranger_end",
                "layer": "classes:ranger"
            }
        },
        "target_condition": {
            "type": "origins:or",
            "conditions": [
                {
                    "type": "origins:entity_type",
                    "entity_type": "minecraft:enderman"
                },
                {
                    "type": "origins:entity_type",
                    "entity_type": "minecraft:endermite"
                },
                {
                    "type": "origins:entity_type",
                    "entity_type": "minecraft:shulker"
                }
            ]
        },
        "modifier": {
            "operation": "addition",
            "value": 3
        }
    },
    "fae": {
        "type": "origins:modify_damage_dealt",
        "bientity_condition": {
            "type": "origins:actor_condition",
            "condition": {
                "type": "origins:origin",
                "origin": "classes:ranger_fae",
                "layer": "classes:ranger"
            }
        },
        "target_condition": {
            "type": "origins:or",
            "conditions": [
                {
                    "type": "origins:entity_type",
                    "entity_type": "minecraft:allay"
                },
                {
                    "type": "origins:entity_type",
                    "entity_type": "minecraft:vex"
                }
            ]
        },
        "modifier": {
            "operation": "addition",
            "value": 3
        }
    },
    "guardians": {
        "type": "origins:modify_damage_dealt",
        "bientity_condition": {
            "type": "origins:actor_condition",
            "condition": {
                "type": "origins:origin",
                "origin": "classes:ranger_guardians",
                "layer": "classes:ranger"
            }
        },
        "target_condition": {
            "type": "origins:or",
            "conditions": [
                {
                    "type": "origins:entity_type",
                    "entity_type": "minecraft:guardian"
                },
                {
                    "type": "origins:entity_type",
                    "entity_type": "minecraft:elder_guardian"
                }
            ]
        },
        "modifier": {
            "operation": "addition",
            "value": 3
        }
    },
    "illagers": {
        "type": "origins:modify_damage_dealt",
        "bientity_condition": {
            "type": "origins:actor_condition",
            "condition": {
                "type": "origins:origin",
                "origin": "classes:ranger_illagers",
                "layer": "classes:ranger"
            }
        },
        "target_condition": {
            "type": "origins:entity_group",
            "group": "illager"
        },
        "modifier": {
            "operation": "addition",
            "value": 3
        }
    },
    "phantom": {
        "type": "origins:modify_damage_dealt",
        "bientity_condition": {
            "type": "origins:actor_condition",
            "condition": {
                "type": "origins:origin",
                "origin": "classes:ranger_phantom",
                "layer": "classes:ranger"
            }
        },
        "target_condition": {
            "type": "origins:entity_type",
            "entity_type": "minecraft:phantom"
        },
        "modifier": {
            "operation": "addition",
            "value": 3
        }
    },
    "pigs": {
        "type": "origins:modify_damage_dealt",
        "bientity_condition": {
            "type": "origins:actor_condition",
            "condition": {
                "type": "origins:origin",
                "origin": "classes:ranger_pigs",
                "layer": "classes:ranger"
            }
        },
        "target_condition": {
            "type": "origins:or",
            "conditions": [
                {
                    "type": "origins:entity_type",
                    "entity_type": "minecraft:hoglin"
                },
                {
                    "type": "origins:entity_type",
                    "entity_type": "minecraft:pig"
                },
                {
                    "type": "origins:entity_type",
                    "entity_type": "minecraft:piglin"
                },
                {
                    "type": "origins:entity_type",
                    "entity_type": "minecraft:piglin_brute"
                }
            ]
        },
        "modifier": {
            "operation": "addition",
            "value": 3
        }
    },
    "skeletons": {
        "type": "origins:modify_damage_dealt",
        "bientity_condition": {
            "type": "origins:actor_condition",
            "condition": {
                "type": "origins:origin",
                "origin": "classes:ranger_skeletons",
                "layer": "classes:ranger"
            }
        },
        "target_condition": {
            "type": "origins:or",
            "conditions": [
                {
                    "type": "origins:entity_type",
                    "entity_type": "minecraft:skeleton"
                },
                {
                    "type": "origins:entity_type",
                    "entity_type": "minecraft:skeleton_horse"
                },
                {
                    "type": "origins:entity_type",
                    "entity_type": "minecraft:stray"
                }
            ]
        },
        "modifier": {
            "operation": "addition",
            "value": 3
        }
    },
    "slimes": {
        "type": "origins:modify_damage_dealt",
        "bientity_condition": {
            "type": "origins:actor_condition",
            "condition": {
                "type": "origins:origin",
                "origin": "classes:ranger_slimes",
                "layer": "classes:ranger"
            }
        },
        "target_condition": {
            "type": "origins:or",
            "conditions": [
                {
                    "type": "origins:entity_type",
                    "entity_type": "minecraft:magma_cube"
                },
                {
                    "type": "origins:entity_type",
                    "entity_type": "minecraft:slime"
                }
            ]
        },
        "modifier": {
            "operation": "addition",
            "value": 3
        }
    },
    "witch": {
        "type": "origins:modify_damage_dealt",
        "bientity_condition": {
            "type": "origins:actor_condition",
            "condition": {
                "type": "origins:origin",
                "origin": "classes:ranger_witch",
                "layer": "classes:ranger"
            }
        },
        "target_condition": {
            "type": "origins:entity_type",
            "entity_type": "minecraft:witch"
        },
        "modifier": {
            "operation": "addition",
            "value": 3
        }
    },
    "wither_skeleton": {
        "type": "origins:modify_damage_dealt",
        "bientity_condition": {
            "type": "origins:actor_condition",
            "condition": {
                "type": "origins:origin",
                "origin": "classes:ranger_wither_skeleton",
                "layer": "classes:ranger"
            }
        },
        "target_condition": {
            "type": "origins:entity_type",
            "entity_type": "minecraft:wither_skeleton"
        },
        "modifier": {
            "operation": "addition",
            "value": 3
        }
    },
    "zombies": {
        "type": "origins:modify_damage_dealt",
        "bientity_condition": {
            "type": "origins:actor_condition",
            "condition": {
                "type": "origins:origin",
                "origin": "classes:ranger_zombies",
                "layer": "classes:ranger"
            }
        },
        "target_condition": {
            "type": "origins:or",
            "conditions": [
                {
                    "type": "origins:entity_type",
                    "entity_type": "minecraft:drowned"
                },
                {
                    "type": "origins:entity_type",
                    "entity_type": "minecraft:husk"
                },
                {
                    "type": "origins:entity_type",
                    "entity_type": "minecraft:zoglin"
                },
                {
                    "type": "origins:entity_type",
                    "entity_type": "minecraft:zombie"
                },
                {
                    "type": "origins:entity_type",
                    "entity_type": "minecraft:zombie_villager"
                },
                {
                    "type": "origins:entity_type",
                    "entity_type": "minecraft:zombified_piglin"
                }
                
            ]
        },
        "modifier": {
            "operation": "addition",
            "value": 3
        }
    },
    "ender_dragon": {
        "type": "origins:modify_damage_dealt",
        "bientity_condition": {
            "type": "origins:actor_condition",
            "condition": {
                "type": "origins:origin",
                "origin": "classes:ranger_ender_dragon",
                "layer": "classes:ranger"
            }
        },
        "target_condition": {
            "type": "origins:entity_type",
            "entity_type": "minecraft:ender_dragon"
        },
        "modifier": {
            "operation": "addition",
            "value": 3
        }
    },
    "warden": {
        "type": "origins:modify_damage_dealt",
        "bientity_condition": {
            "type": "origins:actor_condition",
            "condition": {
                "type": "origins:origin",
                "origin": "classes:ranger_warden",
                "layer": "classes:ranger"
            }
        },
        "target_condition": {
            "type": "origins:entity_type",
            "entity_type": "minecraft:warden"
        },
        "modifier": {
            "operation": "addition",
            "value": 3
        }
    },
    "wither": {
        "type": "origins:modify_damage_dealt",
        "bientity_condition": {
            "type": "origins:actor_condition",
            "condition": {
                "type": "origins:origin",
                "origin": "classes:ranger_wither",
                "layer": "classes:ranger"
            }
        },
        "target_condition": {
            "type": "origins:entity_type",
            "entity_type": "minecraft:wither"
        },
        "modifier": {
            "operation": "addition",
            "value": 3
        }
    },
    "player": {
        "type": "origins:modify_damage_dealt",
        "bientity_condition": {
            "type": "origins:actor_condition",
            "condition": {
                "type": "origins:origin",
                "origin": "classes:ranger_player",
                "layer": "classes:ranger"
            }
        },
        "target_condition": {
            "type": "origins:entity_type",
            "entity_type": "minecraft:player"
        },
        "modifier": {
            "operation": "addition",
            "value": 3
        }
    }
}