{
    "name": "Rough Terrain",
    "description": "You are used to traversing rough terrain. You can ascend one-block inclines without jumping.",
    "type": "origins:action_on_callback",
    "entity_action_chosen": {
        "type": "origins:and",
        "actions": [
            {
                "type": "origins:execute_command",
                "command": "scale set pehkui:step_height 2 @s"
            },
            {
                "type": "origins:execute_command",
                "command": "scale persist set true @s"
            }
        ]
    },
    "entity_action_lost": {
        "type": "origins:execute_command",
        "command": "scale reset @s"
    }
}