{
    "name": "Dye",
    "description": "You or other players can dye your wool different colors.",
    "type": "origins:multiple",
    "resource": {
        "type": "origins:resource",
        "min": 0,
        "max": 15,
        "start_value": 0
    },
    "white": {
        "type": "origins:resource",
        "min": 0,
        "max": 1,
        "start_value": 1,
        "hud_render": {
            "should_render": true,
            "sprite_location": "origins:textures/gui/community/spiderkolo/resource_bar_01.png",
            "bar_index": 9,
            "condition": {
                "type": "origins:resource",
                "resource": "*:*_resource",
                "comparison": "==",
                "compare_to": 0
            }
        }
    },
    "light_gray": {
        "type": "origins:resource",
        "min": 0,
        "max": 1,
        "start_value": 1,
        "hud_render": {
            "should_render": true,
            "sprite_location": "origins:textures/gui/community/spiderkolo/resource_bar_01.png",
            "bar_index": 17,
            "condition": {
                "type": "origins:resource",
                "resource": "*:*_resource",
                "comparison": "==",
                "compare_to": 1
            }
        }
    },
    "dark_gray": {
        "type": "origins:resource",
        "min": 0,
        "max": 1,
        "start_value": 1,
        "hud_render": {
            "should_render": true,
            "sprite_location": "origins:textures/gui/community/spiderkolo/resource_bar_01.png",
            "bar_index": 16,
            "condition": {
                "type": "origins:resource",
                "resource": "*:*_resource",
                "comparison": "==",
                "compare_to": 2
            }
        }
    },
    "black": {
        "type": "origins:resource",
        "min": 0,
        "max": 1,
        "start_value": 1,
        "hud_render": {
            "should_render": true,
            "sprite_location": "origins:textures/gui/community/spiderkolo/resource_bar_01.png",
            "bar_index": 24,
            "condition": {
                "type": "origins:resource",
                "resource": "*:*_resource",
                "comparison": "==",
                "compare_to": 3
            }
        }
    },
    "brown": {
        "type": "origins:resource",
        "min": 0,
        "max": 1,
        "start_value": 1,
        "hud_render": {
            "should_render": true,
            "sprite_location": "origins:textures/gui/community/spiderkolo/resource_bar_01.png",
            "bar_index": 21,
            "condition": {
                "type": "origins:resource",
                "resource": "*:*_resource",
                "comparison": "==",
                "compare_to": 4
            }
        }
    },
    "red": {
        "type": "origins:resource",
        "min": 0,
        "max": 1,
        "start_value": 1,
        "hud_render": {
            "should_render": true,
            "sprite_location": "origins:textures/gui/community/spiderkolo/resource_bar_01.png",
            "bar_index": 23,
            "condition": {
                "type": "origins:resource",
                "resource": "*:*_resource",
                "comparison": "==",
                "compare_to": 5
            }
        }
    },
    "orange": {
        "type": "origins:resource",
        "min": 0,
        "max": 1,
        "start_value": 1,
        "hud_render": {
            "should_render": true,
            "sprite_location": "origins:textures/gui/community/spiderkolo/resource_bar_01.png",
            "bar_index": 10,
            "condition": {
                "type": "origins:resource",
                "resource": "*:*_resource",
                "comparison": "==",
                "compare_to": 6
            }
        }
    },
    "yellow": {
        "type": "origins:resource",
        "min": 0,
        "max": 1,
        "start_value": 1,
        "hud_render": {
            "should_render": true,
            "sprite_location": "origins:textures/gui/community/spiderkolo/resource_bar_01.png",
            "bar_index": 13,
            "condition": {
                "type": "origins:resource",
                "resource": "*:*_resource",
                "comparison": "==",
                "compare_to": 7
            }
        }
    },
    "lime": {
        "type": "origins:resource",
        "min": 0,
        "max": 1,
        "start_value": 1,
        "hud_render": {
            "should_render": true,
            "sprite_location": "origins:textures/gui/community/spiderkolo/resource_bar_01.png",
            "bar_index": 14,
            "condition": {
                "type": "origins:resource",
                "resource": "*:*_resource",
                "comparison": "==",
                "compare_to": 8
            }
        }
    },
    "green": {
        "type": "origins:resource",
        "min": 0,
        "max": 1,
        "start_value": 1,
        "hud_render": {
            "should_render": true,
            "sprite_location": "origins:textures/gui/community/spiderkolo/resource_bar_01.png",
            "bar_index": 22,
            "condition": {
                "type": "origins:resource",
                "resource": "*:*_resource",
                "comparison": "==",
                "compare_to": 9
            }
        }
    },
    "cyan": {
        "type": "origins:resource",
        "min": 0,
        "max": 1,
        "start_value": 1,
        "hud_render": {
            "should_render": true,
            "sprite_location": "origins:textures/gui/community/spiderkolo/resource_bar_01.png",
            "bar_index": 18,
            "condition": {
                "type": "origins:resource",
                "resource": "*:*_resource",
                "comparison": "==",
                "compare_to": 10
            }
        }
    },
    "light_blue": {
        "type": "origins:resource",
        "min": 0,
        "max": 1,
        "start_value": 1,
        "hud_render": {
            "should_render": true,
            "sprite_location": "origins:textures/gui/community/spiderkolo/resource_bar_01.png",
            "bar_index": 12,
            "condition": {
                "type": "origins:resource",
                "resource": "*:*_resource",
                "comparison": "==",
                "compare_to": 11
            }
        }
    },
    "blue": {
        "type": "origins:resource",
        "min": 0,
        "max": 1,
        "start_value": 1,
        "hud_render": {
            "should_render": true,
            "sprite_location": "origins:textures/gui/community/spiderkolo/resource_bar_01.png",
            "bar_index": 20,
            "condition": {
                "type": "origins:resource",
                "resource": "*:*_resource",
                "comparison": "==",
                "compare_to": 12
            }
        }
    },
    "purple": {
        "type": "origins:resource",
        "min": 0,
        "max": 1,
        "start_value": 1,
        "hud_render": {
            "should_render": true,
            "sprite_location": "origins:textures/gui/community/spiderkolo/resource_bar_01.png",
            "bar_index": 19,
            "condition": {
                "type": "origins:resource",
                "resource": "*:*_resource",
                "comparison": "==",
                "compare_to": 13
            }
        }
    },
    "magenta": {
        "type": "origins:resource",
        "min": 0,
        "max": 1,
        "start_value": 1,
        "hud_render": {
            "should_render": true,
            "sprite_location": "origins:textures/gui/community/spiderkolo/resource_bar_01.png",
            "bar_index": 11,
            "condition": {
                "type": "origins:resource",
                "resource": "*:*_resource",
                "comparison": "==",
                "compare_to": 14
            }
        }
    },
    "pink": {
        "type": "origins:resource",
        "min": 0,
        "max": 1,
        "start_value": 1,
        "hud_render": {
            "should_render": true,
            "sprite_location": "origins:textures/gui/community/spiderkolo/resource_bar_01.png",
            "bar_index": 15,
            "condition": {
                "type": "origins:resource",
                "resource": "*:*_resource",
                "comparison": "==",
                "compare_to": 15
            }
        }
    },
    "self": {
        "type": "origins:active_self",
        "key": {
            "key": "key.use"
        },
        "entity_action": {
            "type": "origins:if_else_list",
            "actions": [
                {
                    "condition": {
                        "type": "origins:equipped_item",
                        "equipment_slot": "mainhand",
                        "item_condition": {
                            "type": "origins:ingredient",
                            "ingredient": {
                                "item": "minecraft:white_dye"
                            }
                        }
                    },
                    "action": {
                        "type": "origins:and",
                        "actions": [
                            {
                                "type": "origins:change_resource",
                                "resource": "*:*_resource",
                                "operation": "set",
                                "change": 0
                            },
                            {
                                "type": "origins:equipped_item_action",
                                "equipment_slot": "mainhand",
                                "action": {
                                    "type": "origins:consume",
                                    "amount": 1
                                }
                            },
                            {
                                "type": "origins:execute_command",
                                "command": "walkers switchShape @s minecraft:sheep {Color:0}"
                            }
                        ]
                    }
                },
                {
                    "condition": {
                        "type": "origins:equipped_item",
                        "equipment_slot": "mainhand",
                        "item_condition": {
                            "type": "origins:ingredient",
                            "ingredient": {
                                "item": "minecraft:light_gray_dye"
                            }
                        }
                    },
                    "action": {
                        "type": "origins:and",
                        "actions": [
                            {
                                "type": "origins:change_resource",
                                "resource": "*:*_resource",
                                "operation": "set",
                                "change": 1
                            },
                            {
                                "type": "origins:equipped_item_action",
                                "equipment_slot": "mainhand",
                                "action": {
                                    "type": "origins:consume",
                                    "amount": 1
                                }
                            },
                            {
                                "type": "origins:execute_command",
                                "command": "walkers switchShape @s minecraft:sheep {Color:8}"
                            }
                        ]
                    }
                },
                {
                    "condition": {
                        "type": "origins:equipped_item",
                        "equipment_slot": "mainhand",
                        "item_condition": {
                            "type": "origins:ingredient",
                            "ingredient": {
                                "item": "minecraft:gray_dye"
                            }
                        }
                    },
                    "action": {
                        "type": "origins:and",
                        "actions": [
                            {
                                "type": "origins:change_resource",
                                "resource": "*:*_resource",
                                "operation": "set",
                                "change": 2
                            },
                            {
                                "type": "origins:equipped_item_action",
                                "equipment_slot": "mainhand",
                                "action": {
                                    "type": "origins:consume",
                                    "amount": 1
                                }
                            },
                            {
                                "type": "origins:execute_command",
                                "command": "walkers switchShape @s minecraft:sheep {Color:7}"
                            }
                        ]
                    }
                },
                {
                    "condition": {
                        "type": "origins:equipped_item",
                        "equipment_slot": "mainhand",
                        "item_condition": {
                            "type": "origins:ingredient",
                            "ingredient": {
                                "item": "minecraft:black_dye"
                            }
                        }
                    },
                    "action": {
                        "type": "origins:and",
                        "actions": [
                            {
                                "type": "origins:change_resource",
                                "resource": "*:*_resource",
                                "operation": "set",
                                "change": 3
                            },
                            {
                                "type": "origins:equipped_item_action",
                                "equipment_slot": "mainhand",
                                "action": {
                                    "type": "origins:consume",
                                    "amount": 3
                                }
                            },
                            {
                                "type": "origins:execute_command",
                                "command": "walkers switchShape @s minecraft:sheep {Color:15}"
                            }
                        ]
                    }
                },
                {
                    "condition": {
                        "type": "origins:equipped_item",
                        "equipment_slot": "mainhand",
                        "item_condition": {
                            "type": "origins:ingredient",
                            "ingredient": {
                                "item": "minecraft:brown_dye"
                            }
                        }
                    },
                    "action": {
                        "type": "origins:and",
                        "actions": [
                            {
                                "type": "origins:change_resource",
                                "resource": "*:*_resource",
                                "operation": "set",
                                "change": 4
                            },
                            {
                                "type": "origins:equipped_item_action",
                                "equipment_slot": "mainhand",
                                "action": {
                                    "type": "origins:consume",
                                    "amount": 4
                                }
                            },
                            {
                                "type": "origins:execute_command",
                                "command": "walkers switchShape @s minecraft:sheep {Color:12}"
                            }
                        ]
                    }
                },
                {
                    "condition": {
                        "type": "origins:equipped_item",
                        "equipment_slot": "mainhand",
                        "item_condition": {
                            "type": "origins:ingredient",
                            "ingredient": {
                                "item": "minecraft:red_dye"
                            }
                        }
                    },
                    "action": {
                        "type": "origins:and",
                        "actions": [
                            {
                                "type": "origins:change_resource",
                                "resource": "*:*_resource",
                                "operation": "set",
                                "change": 5
                            },
                            {
                                "type": "origins:equipped_item_action",
                                "equipment_slot": "mainhand",
                                "action": {
                                    "type": "origins:consume",
                                    "amount": 1
                                }
                            },
                            {
                                "type": "origins:execute_command",
                                "command": "walkers switchShape @s minecraft:sheep {Color:14}"
                            }
                        ]
                    }
                },
                {
                    "condition": {
                        "type": "origins:equipped_item",
                        "equipment_slot": "mainhand",
                        "item_condition": {
                            "type": "origins:ingredient",
                            "ingredient": {
                                "item": "minecraft:orange_dye"
                            }
                        }
                    },
                    "action": {
                        "type": "origins:and",
                        "actions": [
                            {
                                "type": "origins:change_resource",
                                "resource": "*:*_resource",
                                "operation": "set",
                                "change": 6
                            },
                            {
                                "type": "origins:equipped_item_action",
                                "equipment_slot": "mainhand",
                                "action": {
                                    "type": "origins:consume",
                                    "amount": 1
                                }
                            },
                            {
                                "type": "origins:execute_command",
                                "command": "walkers switchShape @s minecraft:sheep {Color:1}"
                            }
                        ]
                    }
                },
                {
                    "condition": {
                        "type": "origins:equipped_item",
                        "equipment_slot": "mainhand",
                        "item_condition": {
                            "type": "origins:ingredient",
                            "ingredient": {
                                "item": "minecraft:yellow_dye"
                            }
                        }
                    },
                    "action": {
                        "type": "origins:and",
                        "actions": [
                            {
                                "type": "origins:change_resource",
                                "resource": "*:*_resource",
                                "operation": "set",
                                "change": 7
                            },
                            {
                                "type": "origins:equipped_item_action",
                                "equipment_slot": "mainhand",
                                "action": {
                                    "type": "origins:consume",
                                    "amount": 1
                                }
                            },
                            {
                                "type": "origins:execute_command",
                                "command": "walkers switchShape @s minecraft:sheep {Color:4}"
                            }
                        ]
                    }
                },
                {
                    "condition": {
                        "type": "origins:equipped_item",
                        "equipment_slot": "mainhand",
                        "item_condition": {
                            "type": "origins:ingredient",
                            "ingredient": {
                                "item": "minecraft:lime_dye"
                            }
                        }
                    },
                    "action": {
                        "type": "origins:and",
                        "actions": [
                            {
                                "type": "origins:change_resource",
                                "resource": "*:*_resource",
                                "operation": "set",
                                "change": 8
                            },
                            {
                                "type": "origins:equipped_item_action",
                                "equipment_slot": "mainhand",
                                "action": {
                                    "type": "origins:consume",
                                    "amount": 1
                                }
                            },
                            {
                                "type": "origins:execute_command",
                                "command": "walkers switchShape @s minecraft:sheep {Color:5}"
                            }
                        ]
                    }
                },
                {
                    "condition": {
                        "type": "origins:equipped_item",
                        "equipment_slot": "mainhand",
                        "item_condition": {
                            "type": "origins:ingredient",
                            "ingredient": {
                                "item": "minecraft:green_dye"
                            }
                        }
                    },
                    "action": {
                        "type": "origins:and",
                        "actions": [
                            {
                                "type": "origins:change_resource",
                                "resource": "*:*_resource",
                                "operation": "set",
                                "change": 9
                            },
                            {
                                "type": "origins:equipped_item_action",
                                "equipment_slot": "mainhand",
                                "action": {
                                    "type": "origins:consume",
                                    "amount": 1
                                }
                            },
                            {
                                "type": "origins:execute_command",
                                "command": "walkers switchShape @s minecraft:sheep {Color:13}"
                            }
                        ]
                    }
                },
                {
                    "condition": {
                        "type": "origins:equipped_item",
                        "equipment_slot": "mainhand",
                        "item_condition": {
                            "type": "origins:ingredient",
                            "ingredient": {
                                "item": "minecraft:cyan_dye"
                            }
                        }
                    },
                    "action": {
                        "type": "origins:and",
                        "actions": [
                            {
                                "type": "origins:change_resource",
                                "resource": "*:*_resource",
                                "operation": "set",
                                "change": 10
                            },
                            {
                                "type": "origins:equipped_item_action",
                                "equipment_slot": "mainhand",
                                "action": {
                                    "type": "origins:consume",
                                    "amount": 1
                                }
                            },
                            {
                                "type": "origins:execute_command",
                                "command": "walkers switchShape @s minecraft:sheep {Color:9}"
                            }
                        ]
                    }
                },
                {
                    "condition": {
                        "type": "origins:equipped_item",
                        "equipment_slot": "mainhand",
                        "item_condition": {
                            "type": "origins:ingredient",
                            "ingredient": {
                                "item": "minecraft:light_blue_dye"
                            }
                        }
                    },
                    "action": {
                        "type": "origins:and",
                        "actions": [
                            {
                                "type": "origins:change_resource",
                                "resource": "*:*_resource",
                                "operation": "set",
                                "change": 11
                            },
                            {
                                "type": "origins:equipped_item_action",
                                "equipment_slot": "mainhand",
                                "action": {
                                    "type": "origins:consume",
                                    "amount": 1
                                }
                            },
                            {
                                "type": "origins:execute_command",
                                "command": "walkers switchShape @s minecraft:sheep {Color:3}"
                            }
                        ]
                    }
                },
                {
                    "condition": {
                        "type": "origins:equipped_item",
                        "equipment_slot": "mainhand",
                        "item_condition": {
                            "type": "origins:ingredient",
                            "ingredient": {
                                "item": "minecraft:blue_dye"
                            }
                        }
                    },
                    "action": {
                        "type": "origins:and",
                        "actions": [
                            {
                                "type": "origins:change_resource",
                                "resource": "*:*_resource",
                                "operation": "set",
                                "change": 12
                            },
                            {
                                "type": "origins:equipped_item_action",
                                "equipment_slot": "mainhand",
                                "action": {
                                    "type": "origins:consume",
                                    "amount": 1
                                }
                            },
                            {
                                "type": "origins:execute_command",
                                "command": "walkers switchShape @s minecraft:sheep {Color:11}"
                            }
                        ]
                    }
                },
                {
                    "condition": {
                        "type": "origins:equipped_item",
                        "equipment_slot": "mainhand",
                        "item_condition": {
                            "type": "origins:ingredient",
                            "ingredient": {
                                "item": "minecraft:purple_dye"
                            }
                        }
                    },
                    "action": {
                        "type": "origins:and",
                        "actions": [
                            {
                                "type": "origins:change_resource",
                                "resource": "*:*_resource",
                                "operation": "set",
                                "change": 13
                            },
                            {
                                "type": "origins:equipped_item_action",
                                "equipment_slot": "mainhand",
                                "action": {
                                    "type": "origins:consume",
                                    "amount": 1
                                }
                            },
                            {
                                "type": "origins:execute_command",
                                "command": "walkers switchShape @s minecraft:sheep {Color:10}"
                            }
                        ]
                    }
                },
                {
                    "condition": {
                        "type": "origins:equipped_item",
                        "equipment_slot": "mainhand",
                        "item_condition": {
                            "type": "origins:ingredient",
                            "ingredient": {
                                "item": "minecraft:magenta_dye"
                            }
                        }
                    },
                    "action": {
                        "type": "origins:and",
                        "actions": [
                            {
                                "type": "origins:change_resource",
                                "resource": "*:*_resource",
                                "operation": "set",
                                "change": 14
                            },
                            {
                                "type": "origins:equipped_item_action",
                                "equipment_slot": "mainhand",
                                "action": {
                                    "type": "origins:consume",
                                    "amount": 1
                                }
                            },
                            {
                                "type": "origins:execute_command",
                                "command": "walkers switchShape @s minecraft:sheep {Color:2}"
                            }
                        ]
                    }
                },
                {
                    "condition": {
                        "type": "origins:equipped_item",
                        "equipment_slot": "mainhand",
                        "item_condition": {
                            "type": "origins:ingredient",
                            "ingredient": {
                                "item": "minecraft:pink_dye"
                            }
                        }
                    },
                    "action": {
                        "type": "origins:and",
                        "actions": [
                            {
                                "type": "origins:change_resource",
                                "resource": "*:*_resource",
                                "operation": "set",
                                "change": 15
                            },
                            {
                                "type": "origins:equipped_item_action",
                                "equipment_slot": "mainhand",
                                "action": {
                                    "type": "origins:consume",
                                    "amount": 1
                                }
                            },
                            {
                                "type": "origins:execute_command",
                                "command": "walkers switchShape @s minecraft:sheep {Color:6}"
                            }
                        ]
                    }
                }
            ]
        },
        "condition": {
            "type": "origins:equipped_item",
            "equipment_slot": "mainhand",
            "item_condition": {
                "type": "origins:or",
                "conditions": [
                    {
                        "type": "origins:ingredient",
                        "ingredient": {
                            "item": "minecraft:white_dye"
                        }
                    },
                    {
                        "type": "origins:ingredient",
                        "ingredient": {
                            "item": "minecraft:light_gray_dye"
                        }
                    },
                    {
                        "type": "origins:ingredient",
                        "ingredient": {
                            "item": "minecraft:gray_dye"
                        }
                    },
                    {
                        "type": "origins:ingredient",
                        "ingredient": {
                            "item": "minecraft:black_dye"
                        }
                    },
                    {
                        "type": "origins:ingredient",
                        "ingredient": {
                            "item": "minecraft:brown_dye"
                        }
                    },
                    {
                        "type": "origins:ingredient",
                        "ingredient": {
                            "item": "minecraft:red_dye"
                        }
                    },
                    {
                        "type": "origins:ingredient",
                        "ingredient": {
                            "item": "minecraft:orange_dye"
                        }
                    },
                    {
                        "type": "origins:ingredient",
                        "ingredient": {
                            "item": "minecraft:yellow_dye"
                        }
                    },
                    {
                        "type": "origins:ingredient",
                        "ingredient": {
                            "item": "minecraft:lime_dye"
                        }
                    },
                    {
                        "type": "origins:ingredient",
                        "ingredient": {
                            "item": "minecraft:green_dye"
                        }
                    },
                    {
                        "type": "origins:ingredient",
                        "ingredient": {
                            "item": "minecraft:cyan_dye"
                        }
                    },
                    {
                        "type": "origins:ingredient",
                        "ingredient": {
                            "item": "minecraft:light_blue_dye"
                        }
                    },
                    {
                        "type": "origins:ingredient",
                        "ingredient": {
                            "item": "minecraft:blue_dye"
                        }
                    },
                    {
                        "type": "origins:ingredient",
                        "ingredient": {
                            "item": "minecraft:purple_dye"
                        }
                    },
                    {
                        "type": "origins:ingredient",
                        "ingredient": {
                            "item": "minecraft:magenta_dye"
                        }
                    },
                    {
                        "type": "origins:ingredient",
                        "ingredient": {
                            "item": "minecraft:pink_dye"
                        }
                    }
                ]
            }
        }
    },
    "other": {
        "type": "origins:action_on_being_used",
        "bientity_action": {
            "type": "origins:if_else_list",
            "actions": [
                {
                    "condition": {
                        "type": "origins:actor_condition",
                        "condition": {
                            "type": "origins:equipped_item",
                            "equipment_slot": "mainhand",
                            "item_condition": {
                                "type": "origins:ingredient",
                                "ingredient": {
                                    "item": "minecraft:white_dye"
                                }
                            }
                        }
                    },
                    "action": {
                        "type": "origins:target_action",
                        "action": {
                            "type": "origins:and",
                            "actions": [
                                {
                                    "type": "origins:change_resource",
                                    "resource": "*:*_resource",
                                    "operation": "set",
                                    "change": 0
                                },
                                {
                                    "type": "origins:execute_command",
                                    "command": "walkers switchShape @s minecraft:sheep {Color:0}"
                                }
                            ]
                        }
                    }
                },
                {
                    "condition": {
                        "type": "origins:actor_condition",
                        "condition": {
                            "type": "origins:equipped_item",
                            "equipment_slot": "mainhand",
                            "item_condition": {
                                "type": "origins:ingredient",
                                "ingredient": {
                                    "item": "minecraft:light_gray_dye"
                                }
                            }
                        }
                    },
                    "action": {
                        "type": "origins:target_action",
                        "action": {
                            "type": "origins:and",
                            "actions": [
                                {
                                    "type": "origins:change_resource",
                                    "resource": "*:*_resource",
                                    "operation": "set",
                                    "change": 1
                                },
                                {
                                    "type": "origins:execute_command",
                                    "command": "walkers switchShape @s minecraft:sheep {Color:8}"
                                }
                            ]
                        }
                    }
                },
                {
                    "condition": {
                        "type": "origins:actor_condition",
                        "condition": {
                            "type": "origins:equipped_item",
                            "equipment_slot": "mainhand",
                            "item_condition": {
                                "type": "origins:ingredient",
                                "ingredient": {
                                    "item": "minecraft:gray_dye"
                                }
                            }
                        }
                    },
                    "action": {
                        "type": "origins:target_action",
                        "action": {
                            "type": "origins:and",
                            "actions": [
                                {
                                    "type": "origins:change_resource",
                                    "resource": "*:*_resource",
                                    "operation": "set",
                                    "change": 2
                                },
                                {
                                    "type": "origins:execute_command",
                                    "command": "walkers switchShape @s minecraft:sheep {Color:7}"
                                }
                            ]
                        }
                    }
                },
                {
                    "condition": {
                        "type": "origins:actor_condition",
                        "condition": {
                            "type": "origins:equipped_item",
                            "equipment_slot": "mainhand",
                            "item_condition": {
                                "type": "origins:ingredient",
                                "ingredient": {
                                    "item": "minecraft:black_dye"
                                }
                            }
                        }
                    },
                    "action": {
                        "type": "origins:target_action",
                        "action": {
                            "type": "origins:and",
                            "actions": [
                                {
                                    "type": "origins:change_resource",
                                    "resource": "*:*_resource",
                                    "operation": "set",
                                    "change": 3
                                },
                                {
                                    "type": "origins:execute_command",
                                    "command": "walkers switchShape @s minecraft:sheep {Color:15}"
                                }
                            ]
                        }
                    }
                },
                {
                    "condition": {
                        "type": "origins:actor_condition",
                        "condition": {
                            "type": "origins:equipped_item",
                            "equipment_slot": "mainhand",
                            "item_condition": {
                                "type": "origins:ingredient",
                                "ingredient": {
                                    "item": "minecraft:brown_dye"
                                }
                            }
                        }
                    },
                    "action": {
                        "type": "origins:target_action",
                        "action": {
                            "type": "origins:and",
                            "actions": [
                                {
                                    "type": "origins:change_resource",
                                    "resource": "*:*_resource",
                                    "operation": "set",
                                    "change": 4
                                },
                                {
                                    "type": "origins:execute_command",
                                    "command": "walkers switchShape @s minecraft:sheep {Color:12}"
                                }
                            ]
                        }
                    }
                },
                {
                    "condition": {
                        "type": "origins:actor_condition",
                        "condition": {
                            "type": "origins:equipped_item",
                            "equipment_slot": "mainhand",
                            "item_condition": {
                                "type": "origins:ingredient",
                                "ingredient": {
                                    "item": "minecraft:red_dye"
                                }
                            }
                        }
                    },
                    "action": {
                        "type": "origins:target_action",
                        "action": {
                            "type": "origins:and",
                            "actions": [
                                {
                                    "type": "origins:change_resource",
                                    "resource": "*:*_resource",
                                    "operation": "set",
                                    "change": 5
                                },
                                {
                                    "type": "origins:execute_command",
                                    "command": "walkers switchShape @s minecraft:sheep {Color:14}"
                                }
                            ]
                        }
                    }
                },
                {
                    "condition": {
                        "type": "origins:actor_condition",
                        "condition": {
                            "type": "origins:equipped_item",
                            "equipment_slot": "mainhand",
                            "item_condition": {
                                "type": "origins:ingredient",
                                "ingredient": {
                                    "item": "minecraft:orange_dye"
                                }
                            }
                        }
                    },
                    "action": {
                        "type": "origins:target_action",
                        "action": {
                            "type": "origins:and",
                            "actions": [
                                {
                                    "type": "origins:change_resource",
                                    "resource": "*:*_resource",
                                    "operation": "set",
                                    "change": 6
                                },
                                {
                                    "type": "origins:execute_command",
                                    "command": "walkers switchShape @s minecraft:sheep {Color:1}"
                                }
                            ]
                        }
                    }
                },
                {
                    "condition": {
                        "type": "origins:actor_condition",
                        "condition": {
                            "type": "origins:equipped_item",
                            "equipment_slot": "mainhand",
                            "item_condition": {
                                "type": "origins:ingredient",
                                "ingredient": {
                                    "item": "minecraft:yellow_dye"
                                }
                            }
                        }
                    },
                    "action": {
                        "type": "origins:target_action",
                        "action": {
                            "type": "origins:and",
                            "actions": [
                                {
                                    "type": "origins:change_resource",
                                    "resource": "*:*_resource",
                                    "operation": "set",
                                    "change": 7
                                },
                                {
                                    "type": "origins:execute_command",
                                    "command": "walkers switchShape @s minecraft:sheep {Color:4}"
                                }
                            ]
                        }
                    }
                },
                {
                    "condition": {
                        "type": "origins:actor_condition",
                        "condition": {
                            "type": "origins:equipped_item",
                            "equipment_slot": "mainhand",
                            "item_condition": {
                                "type": "origins:ingredient",
                                "ingredient": {
                                    "item": "minecraft:lime_dye"
                                }
                            }
                        }
                    },
                    "action": {
                        "type": "origins:target_action",
                        "action": {
                            "type": "origins:and",
                            "actions": [
                                {
                                    "type": "origins:change_resource",
                                    "resource": "*:*_resource",
                                    "operation": "set",
                                    "change": 8
                                },
                                {
                                    "type": "origins:execute_command",
                                    "command": "walkers switchShape @s minecraft:sheep {Color:5}"
                                }
                            ]
                        }
                    }
                },
                {
                    "condition": {
                        "type": "origins:actor_condition",
                        "condition": {
                            "type": "origins:equipped_item",
                            "equipment_slot": "mainhand",
                            "item_condition": {
                                "type": "origins:ingredient",
                                "ingredient": {
                                    "item": "minecraft:green_dye"
                                }
                            }
                        }
                    },
                    "action": {
                        "type": "origins:target_action",
                        "action": {
                            "type": "origins:and",
                            "actions": [
                                {
                                    "type": "origins:change_resource",
                                    "resource": "*:*_resource",
                                    "operation": "set",
                                    "change": 9
                                },
                                {
                                    "type": "origins:execute_command",
                                    "command": "walkers switchShape @s minecraft:sheep {Color:13}"
                                }
                            ]
                        }
                    }
                },
                {
                    "condition": {
                        "type": "origins:actor_condition",
                        "condition": {
                            "type": "origins:equipped_item",
                            "equipment_slot": "mainhand",
                            "item_condition": {
                                "type": "origins:ingredient",
                                "ingredient": {
                                    "item": "minecraft:cyan_dye"
                                }
                            }
                        }
                    },
                    "action": {
                        "type": "origins:target_action",
                        "action": {
                            "type": "origins:and",
                            "actions": [
                                {
                                    "type": "origins:change_resource",
                                    "resource": "*:*_resource",
                                    "operation": "set",
                                    "change": 10
                                },
                                {
                                    "type": "origins:execute_command",
                                    "command": "walkers switchShape @s minecraft:sheep {Color:9}"
                                }
                            ]
                        }
                    }
                },
                {
                    "condition": {
                        "type": "origins:actor_condition",
                        "condition": {
                            "type": "origins:equipped_item",
                            "equipment_slot": "mainhand",
                            "item_condition": {
                                "type": "origins:ingredient",
                                "ingredient": {
                                    "item": "minecraft:light_blue_dye"
                                }
                            }
                        }
                    },
                    "action": {
                        "type": "origins:target_action",
                        "action": {
                            "type": "origins:and",
                            "actions": [
                                {
                                    "type": "origins:change_resource",
                                    "resource": "*:*_resource",
                                    "operation": "set",
                                    "change": 11
                                },
                                {
                                    "type": "origins:execute_command",
                                    "command": "walkers switchShape @s minecraft:sheep {Color:3}"
                                }
                            ]
                        }
                    }
                },
                {
                    "condition": {
                        "type": "origins:actor_condition",
                        "condition": {
                            "type": "origins:equipped_item",
                            "equipment_slot": "mainhand",
                            "item_condition": {
                                "type": "origins:ingredient",
                                "ingredient": {
                                    "item": "minecraft:blue_dye"
                                }
                            }
                        }
                    },
                    "action": {
                        "type": "origins:target_action",
                        "action": {
                            "type": "origins:and",
                            "actions": [
                                {
                                    "type": "origins:change_resource",
                                    "resource": "*:*_resource",
                                    "operation": "set",
                                    "change": 12
                                },
                                {
                                    "type": "origins:execute_command",
                                    "command": "walkers switchShape @s minecraft:sheep {Color:11}"
                                }
                            ]
                        }
                    }
                },
                {
                    "condition": {
                        "type": "origins:actor_condition",
                        "condition": {
                            "type": "origins:equipped_item",
                            "equipment_slot": "mainhand",
                            "item_condition": {
                                "type": "origins:ingredient",
                                "ingredient": {
                                    "item": "minecraft:purple_dye"
                                }
                            }
                        }
                    },
                    "action": {
                        "type": "origins:target_action",
                        "action": {
                            "type": "origins:and",
                            "actions": [
                                {
                                    "type": "origins:change_resource",
                                    "resource": "*:*_resource",
                                    "operation": "set",
                                    "change": 13
                                },
                                {
                                    "type": "origins:execute_command",
                                    "command": "walkers switchShape @s minecraft:sheep {Color:10}"
                                }
                            ]
                        }
                    }
                },
                {
                    "condition": {
                        "type": "origins:actor_condition",
                        "condition": {
                            "type": "origins:equipped_item",
                            "equipment_slot": "mainhand",
                            "item_condition": {
                                "type": "origins:ingredient",
                                "ingredient": {
                                    "item": "minecraft:magenta_dye"
                                }
                            }
                        }
                    },
                    "action": {
                        "type": "origins:target_action",
                        "action": {
                            "type": "origins:and",
                            "actions": [
                                {
                                    "type": "origins:change_resource",
                                    "resource": "*:*_resource",
                                    "operation": "set",
                                    "change": 14
                                },
                                {
                                    "type": "origins:execute_command",
                                    "command": "walkers switchShape @s minecraft:sheep {Color:2}"
                                }
                            ]
                        }
                    }
                },
                {
                    "condition": {
                        "type": "origins:actor_condition",
                        "condition": {
                            "type": "origins:equipped_item",
                            "equipment_slot": "mainhand",
                            "item_condition": {
                                "type": "origins:ingredient",
                                "ingredient": {
                                    "item": "minecraft:pink_dye"
                                }
                            }
                        }
                    },
                    "action": {
                        "type": "origins:target_action",
                        "action": {
                            "type": "origins:and",
                            "actions": [
                                {
                                    "type": "origins:change_resource",
                                    "resource": "*:*_resource",
                                    "operation": "set",
                                    "change": 15
                                },
                                {
                                    "type": "origins:execute_command",
                                    "command": "walkers switchShape @s minecraft:sheep {Color:6}"
                                }
                            ]
                        }
                    }
                }
            ]
        },
        "held_item_action": {
            "type": "origins:consume",
            "amount": 1
        },
        "item_condition": {
            "type": "origins:ingredient",
            "ingredient": {
                "tag": "classes:dyes"
            }
        },
        "hands": [
            "main_hand"
        ]
    }
}