{
    "name": "Stats",
    "description": "You are 3 blocks tall, and you have 20 hearts.",
    "type": "origins:action_on_callback",
    "entity_action_added": {
        "type": "origins:and",
        "actions": [
            {
                "type": "origins:execute_command",
                "command": "origin set @s size:size size:dummy_3.0"
            },
            {
                "type": "origins:execute_command",
                "command": "walkers switchShape @s minecraft:hoglin"
            }
        ]
    }
}