{
    "name": "Zombify",
    "description": "If you stay in the overworld for too long, you become a zoglin.",
    "type": "origins:multiple",
    "resource": {
        "type": "origins:resource",
        "min": 0,
        "max": 100,
        "start_value": 100,
        "min_action": {
            "type": "origins:and",
            "actions": [
                {
                    "type": "origins:play_sound",
                    "sound": "minecraft:entity.hoglin.converted_to_zombified"
                },
                {
                    "type": "origins:change_resource",
                    "resource": "*:druid/beast_collection",
                    "change": 1
                },
                {
                    "type": "origins:execute_command",
                    "command": "origin set @s classes:druid classes:druid_zoglin"
                }
            ]
        }
    },
    "decrease": {
        "type": "origins:action_over_time",
        "interval": 1,
        "entity_action": {
            "type": "origins:change_resource",
            "resource": "*:*_resource",
            "change": -1
        },
        "condition": {
            "type": "origins:dimension",
            "dimension": "minecraft:overworld"
        }
    },
    "set_max": {
        "type": "origins:action_over_time",
        "interval": 1,
        "entity_action": {
            "type": "origins:change_resource",
            "resource": "*:*_resource",
            "operation": "set",
            "change": 100
        },
        "condition": {
            "type": "origins:dimension",
            "dimension": "minecraft:the_nether"
        }
    },
    "shaking": {
        "type": "origins:shaking",
        "condition": {
            "type": "origins:dimension",
            "dimension": "minecraft:overworld"
        }
    }
}