{
    "name": "Sonar",
    "description": "You can make a sound that allows you to see the locations of all nearby entities.",
    "type": "origins:multiple",
    "resource": {
        "type": "origins:resource",
        "min": 0,
        "max": 100,
        "start_value": 0,
        "hud_render": {
            "should_render": true,
            "sprite_location": "origins:textures/gui/community/spiderkolo/resource_bar_03.png",
            "bar_index": 12,
            "condition": {
                "type": "origins:resource",
                "resource": "*:*_resource",
                "comparison": ">",
                "compare_to": 0
            }
        }
    },
    "decrease": {
        "type": "origins:action_over_time",
        "interval": 1,
        "entity_action": {
            "type": "origins:change_resource",
            "resource": "*:*_resource",
            "change": -1
        }
    },
    "glow": {
        "type": "origins:entity_glow",
        "bientity_condition": {
            "type": "origins:and",
            "conditions": [
                {
                    "type": "origins:distance",
                    "comparison": "<",
                    "compare_to": 30
                },
                {
                    "type": "origins:actor_condition",
                    "condition": {
                        "type": "origins:resource",
                        "resource": "*:*_resource",
                        "comparison": ">",
                        "compare_to": 0
                    }
                }
            ]
        }
    },
    "sonar": {
        "type": "origins:active_self",
        "key": {
            "key": "key.origins.secondary_active"
        },
        "entity_action": {
            "type": "origins:and",
            "actions": [
                {
                    "type": "origins:play_sound",
                    "sound": "minecraft:entity.bat.ambient"
                },
                {
                    "type": "origins:change_resource",
                    "resource": "*:*_resource",
                    "operation": "set",
                    "change": 100
                }
            ]
        }
    }
}