{
    "name": "Wild Shape",
    "description": "You can take the shape of any animal you have seen before. Right click an animal to register it to your memory.",
    "type": "origins:active_self",
    "badges": [
        {
            "type": "origins:keybind",
            "sprite": "origins:textures/gui/badge/active.png",
            "text": "Active ability, %s to use."
        },
        {
            "type": "origins:tooltip",
            "sprite": "origins:textures/gui/badge/info.png",
            "text": "The key to use your Wild Shape ability is bound to your \"Active Power (Quaternary)\" key."
        },
        {
            "type": "origins:tooltip",
            "sprite": "origins:textures/gui/badge/info.png",
            "text": "The key to change your selected Wild Shape is bound to your \"Active Power Quinary\" key."
        }
    ],
    "key": {
        "key": "key.origins.quinary_active"
    },
    "entity_action": {
        "type": "origins:execute_command",
        "command": "origin gui @s classes:druid"
    }
}