{
	"name": "Ram",
	"description": "You can ram into other entities and briefly deal increased knockback damage.",
	"type": "origins:multiple",
	"resource": {
		"type": "origins:resource",
		"min": 0,
		"max": 60,
		"start_value": 0,
		"hud_render": {
			"should_render": true,
			"sprite_location": "origins:textures/gui/resource_bar.png",
			"bar_index": 5,
			"condition": {
				"type": "origins:resource",
				"resource": "*:*_resource",
				"comparison": "<",
				"compare_to": 60
			}
		}
	},
	"increase": {
		"type": "origins:action_over_time",
		"interval": 1,
		"entity_action": {
			"type": "origins:change_resource",
			"resource": "*:*_resource",
			"change": 1
		}
	},
	"ram": {
		"type": "origins:active_self",
		  "entity_action": {
			"type": "origins:and",
			"actions": [
				{
					"type": "origins:add_velocity",
					"y": 0.1,
					"z": 2.0,
					"space": "local"
				},
				{
					"type": "origins:change_resource",
					"resource": "*:*_resource",
					"operation": "set",
					"change": 0
				}
			]
		},
		"condition": {
			"type": "origins:and",
			"conditions": [
				{
					"type": "origins:on_block"
				},
				{
					"type": "origins:resource",
					"resource": "*:*_resource",
					"comparison": "==",
					"compare_to": 60
				}
			]
		},
		"key": {
			"key": "key.saveToolbarActivator"
		}
	},
	"knockback": {
		"type": "origins:modify_enchantment_level",
		"enchantment": "minecraft:knockback",
		"modifier": {
			"operation": "set_total",
			"value": 2
		},
		"condition": {
			"type": "origins:resource",
			"resource": "*:*_resource",
			"comparison": "<",
			"compare_to": 60
		}
	}
}