{
    "name": "Expertise",
    "description": "You are a master of your craft, and yield better results with your tools than others. You have permanent Looting and Fortune.",
    "type": "origins:multiple",
    "badges": [
        {
            "type": "origins:keybind",
            "sprite": "origins:textures/gui/badge/toggle.png",
            "text": "Toggle with %s."
        },
        {
            "type": "origins:tooltip",
            "sprite": "origins:textures/gui/badge/info.png",
            "text": "This ability operates on a toggle to switch between Fortune and Silk Touch. When Fortune is active, Silk Touch is not, and when Silk Touch is active, Fortune is not."
        }
    ],
    "toggle": {
        "type": "origins:toggle",
        "key": {
            "key": "key.origins.quaternary_active"
        }
    },
    "fortune": {
        "type": "origins:modify_enchantment_level",
        "enchantment": "minecraft:fortune",
        "modifier": {
            "operation": "addition",
            "value": 1
        },
        "condition": {
            "type": "origins:power_active",
            "power": "*:*_toggle"
        }
    },
    "silk_touch": {
        "type": "origins:modify_enchantment_level",
        "enchantment": "minecraft:silk_touch",
        "modifier": {
            "operation": "set_total",
            "value": 1
        },
        "condition": {
            "type": "origins:power_active",
            "power": "*:*_toggle",
            "inverted": true
        }
    },
    "looting": {
        "type": "origins:modify_enchantment_level",
        "enchantment": "minecraft:looting",
        "modifier": {
            "operation": "addition",
            "value": 1
        }
    }
}
