{
    "name": "Imitation",
    "description": "You can imitate the sounds of other mobs.",
    "type": "origins:active_self",
    "entity_action": {
        "type": "origins:choice",
        "actions": [
            {
                "element": {
                    "type": "origins:play_sound",
                    "sound": "minecraft:entity.parrot.imitate.blaze"
                },
                "weight": 4
            },
            {
                "element": {
                    "type": "origins:play_sound",
                    "sound": "minecraft:entity.parrot.imitate.creeper"
                },
                "weight": 3
            },
            {
                "element": {
                    "type": "origins:play_sound",
                    "sound": "minecraft:entity.parrot.imitate.drowned"
                },
                "weight": 3
            },
            {
                "element": {
                    "type": "origins:play_sound",
                    "sound": "minecraft:entity.parrot.imitate.elder_guardian"
                },
                "weight": 3
            },
            {
                "element": {
                    "type": "origins:play_sound",
                    "sound": "minecraft:entity.parrot.imitate.ender_dragon"
                },
                "weight": 3
            },
            {
                "element": {
                    "type": "origins:play_sound",
                    "sound": "minecraft:entity.parrot.imitate.endermite"
                },
                "weight": 3
            },
            {
                "element": {
                    "type": "origins:play_sound",
                    "sound": "minecraft:entity.parrot.imitate.evoker"
                },
                "weight": 3
            },
            {
                "element": {
                    "type": "origins:play_sound",
                    "sound": "minecraft:entity.parrot.imitate.ghast"
                },
                "weight": 3
            },
            {
                "element": {
                    "type": "origins:play_sound",
                    "sound": "minecraft:entity.parrot.imitate.guardian"
                },
                "weight": 3
            },
            {
                "element": {
                    "type": "origins:play_sound",
                    "sound": "minecraft:entity.parrot.imitate.hoglin"
                },
                "weight": 3
            },
            {
                "element": {
                    "type": "origins:play_sound",
                    "sound": "minecraft:entity.parrot.imitate.husk"
                },
                "weight": 3
            },
            {
                "element": {
                    "type": "origins:play_sound",
                    "sound": "minecraft:entity.parrot.imitate.illusioner"
                },
                "weight": 3
            },
            {
                "element": {
                    "type": "origins:play_sound",
                    "sound": "minecraft:entity.parrot.imitate.magma_cube"
                },
                "weight": 3
            },
            {
                "element": {
                    "type": "origins:play_sound",
                    "sound": "minecraft:entity.parrot.imitate.phantom"
                },
                "weight": 3
            },
            {
                "element": {
                    "type": "origins:play_sound",
                    "sound": "minecraft:entity.parrot.imitate.piglin"
                },
                "weight": 3
            },
            {
                "element": {
                    "type": "origins:play_sound",
                    "sound": "minecraft:entity.parrot.imitate.piglin_brute"
                },
                "weight": 3
            },
            {
                "element": {
                    "type": "origins:play_sound",
                    "sound": "minecraft:entity.parrot.imitate.pillager"
                },
                "weight": 3
            },
            {
                "element": {
                    "type": "origins:play_sound",
                    "sound": "minecraft:entity.parrot.imitate.ravager"
                },
                "weight": 3
            },
            {
                "element": {
                    "type": "origins:play_sound",
                    "sound": "minecraft:entity.parrot.imitate.shulker"
                },
                "weight": 3
            },
            {
                "element": {
                    "type": "origins:play_sound",
                    "sound": "minecraft:entity.parrot.imitate.silverfish"
                },
                "weight": 3
            },
            {
                "element": {
                    "type": "origins:play_sound",
                    "sound": "minecraft:entity.parrot.imitate.skeleton"
                },
                "weight": 3
            },
            {
                "element": {
                    "type": "origins:play_sound",
                    "sound": "minecraft:entity.parrot.imitate.slime"
                },
                "weight": 3
            },
            {
                "element": {
                    "type": "origins:play_sound",
                    "sound": "minecraft:entity.parrot.imitate.spider"
                },
                "weight": 3
            },
            {
                "element": {
                    "type": "origins:play_sound",
                    "sound": "minecraft:entity.parrot.imitate.stray"
                },
                "weight": 3
            },
            {
                "element": {
                    "type": "origins:play_sound",
                    "sound": "minecraft:entity.parrot.imitate.vex"
                },
                "weight": 3
            },
            {
                "element": {
                    "type": "origins:play_sound",
                    "sound": "minecraft:entity.parrot.imitate.vindicator"
                },
                "weight": 3
            },
            {
                "element": {
                    "type": "origins:play_sound",
                    "sound": "minecraft:entity.parrot.imitate.warden"
                },
                "weight": 3
            },
            {
                "element": {
                    "type": "origins:play_sound",
                    "sound": "minecraft:entity.parrot.imitate.witch"
                },
                "weight": 3
            },
            {
                "element": {
                    "type": "origins:play_sound",
                    "sound": "minecraft:entity.parrot.imitate.wither"
                },
                "weight": 3
            },
            {
                "element": {
                    "type": "origins:play_sound",
                    "sound": "minecraft:entity.parrot.imitate.wither_skeleton"
                },
                "weight": 3
            },
            {
                "element": {
                    "type": "origins:play_sound",
                    "sound": "minecraft:entity.parrot.imitate.zoglin"
                },
                "weight": 3
            },
            {
                "element": {
                    "type": "origins:play_sound",
                    "sound": "minecraft:entity.parrot.imitate.zombie"
                },
                "weight": 3
            },
            {
                "element": {
                    "type": "origins:play_sound",
                    "sound": "minecraft:entity.parrot.imitate.zombie_villager"
                },
                "weight": 3
            }
        ]
    },
    "cooldown": 1,
    "hud_render": {
        "should_render": false
    },
    "key": {
        "key": "key.origins.secondary_active"
    }
}