{
    "name": "Abjuration Spells",
    "gui_title": {
        "choose_origin": "Choose an abjuration spell.",
        "view_origin": "This is your prepared abjuration spell."
    },
    "replace": false,
    "order": 5,
    "enabled": true,
    "origins": [
        {
            "condition": {
                "type": "origins:origin",
                "origin": "classes:wizard_abjuration",
                "layer": "classes:wizard"
            },
            "origins": [
                "classes:wizard_none"
            ]
        },
        {
            "condition": {
                "type": "origins:resource",
                "resource": "classes:wizard/abjuration_collection_blast_protection",
                "comparison": "==",
                "compare_to": 1
            },
            "origins": [
                "classes:wizard_blast_protection_1"
            ]
        },
        {
            "condition": {
                "type": "origins:resource",
                "resource": "classes:wizard/abjuration_collection_blast_protection",
                "comparison": "==",
                "compare_to": 2
            },
            "origins": [
                "classes:wizard_blast_protection_2"
            ]
        },
        {
            "condition": {
                "type": "origins:resource",
                "resource": "classes:wizard/abjuration_collection_blast_protection",
                "comparison": "==",
                "compare_to": 3
            },
            "origins": [
                "classes:wizard_blast_protection_3"
            ]
        },
        {
            "condition": {
                "type": "origins:resource",
                "resource": "classes:wizard/abjuration_collection_blast_protection",
                "comparison": "==",
                "compare_to": 4
            },
            "origins": [
                "classes:wizard_blast_protection_4"
            ]
        },
        {
            "condition": {
                "type": "origins:resource",
                "resource": "classes:wizard/abjuration_collection_fire_protection",
                "comparison": "==",
                "compare_to": 1
            },
            "origins": [
                "classes:wizard_fire_protection_1"
            ]
        },
        {
            "condition": {
                "type": "origins:resource",
                "resource": "classes:wizard/abjuration_collection_fire_protection",
                "comparison": "==",
                "compare_to": 2
            },
            "origins": [
                "classes:wizard_fire_protection_2"
            ]
        },
        {
            "condition": {
                "type": "origins:resource",
                "resource": "classes:wizard/abjuration_collection_fire_protection",
                "comparison": "==",
                "compare_to": 3
            },
            "origins": [
                "classes:wizard_fire_protection_3"
            ]
        },
        {
            "condition": {
                "type": "origins:resource",
                "resource": "classes:wizard/abjuration_collection_fire_protection",
                "comparison": "==",
                "compare_to": 4
            },
            "origins": [
                "classes:wizard_fire_protection_4"
            ]
        },
        {
            "condition": {
                "type": "origins:resource",
                "resource": "classes:wizard/abjuration_collection_knockback",
                "comparison": "==",
                "compare_to": 1
            },
            "origins": [
                "classes:wizard_knockback_1"
            ]
        },
        {
            "condition": {
                "type": "origins:resource",
                "resource": "classes:wizard/abjuration_collection_knockback",
                "comparison": "==",
                "compare_to": 2
            },
            "origins": [
                "classes:wizard_knockback_2"
            ]
        },
        {
            "condition": {
                "type": "origins:resource",
                "resource": "classes:wizard/abjuration_collection_projectile_protection",
                "comparison": "==",
                "compare_to": 1
            },
            "origins": [
                "classes:wizard_projectile_protection_1"
            ]
        },
        {
            "condition": {
                "type": "origins:resource",
                "resource": "classes:wizard/abjuration_collection_projectile_protection",
                "comparison": "==",
                "compare_to": 2
            },
            "origins": [
                "classes:wizard_projectile_protection_2"
            ]
        },
        {
            "condition": {
                "type": "origins:resource",
                "resource": "classes:wizard/abjuration_collection_projectile_protection",
                "comparison": "==",
                "compare_to": 3
            },
            "origins": [
                "classes:wizard_projectile_protection_3"
            ]
        },
        {
            "condition": {
                "type": "origins:resource",
                "resource": "classes:wizard/abjuration_collection_projectile_protection",
                "comparison": "==",
                "compare_to": 4
            },
            "origins": [
                "classes:wizard_projectile_protection_4"
            ]
        },
        {
            "condition": {
                "type": "origins:resource",
                "resource": "classes:wizard/abjuration_collection_protection",
                "comparison": "==",
                "compare_to": 1
            },
            "origins": [
                "classes:wizard_protection_1"
            ]
        },
        {
            "condition": {
                "type": "origins:resource",
                "resource": "classes:wizard/abjuration_collection_protection",
                "comparison": "==",
                "compare_to": 2
            },
            "origins": [
                "classes:wizard_protection_2"
            ]
        },
        {
            "condition": {
                "type": "origins:resource",
                "resource": "classes:wizard/abjuration_collection_protection",
                "comparison": "==",
                "compare_to": 3
            },
            "origins": [
                "classes:wizard_protection_3"
            ]
        },
        {
            "condition": {
                "type": "origins:resource",
                "resource": "classes:wizard/abjuration_collection_protection",
                "comparison": "==",
                "compare_to": 4
            },
            "origins": [
                "classes:wizard_protection_4"
            ]
        },
        {
            "condition": {
                "type": "origins:resource",
                "resource": "classes:wizard/abjuration_collection_silk_touch",
                "comparison": "==",
                "compare_to": 1
            },
            "origins": [
                "classes:wizard_silk_touch"
            ]
        },
        {
            "condition": {
                "type": "origins:resource",
                "resource": "classes:wizard/abjuration_collection_thorns",
                "comparison": "==",
                "compare_to": 1
            },
            "origins": [
                "classes:wizard_thorns_1"
            ]
        },
        {
            "condition": {
                "type": "origins:resource",
                "resource": "classes:wizard/abjuration_collection_thorns",
                "comparison": "==",
                "compare_to": 2
            },
            "origins": [
                "classes:wizard_thorns_2"
            ]
        },
        {
            "condition": {
                "type": "origins:resource",
                "resource": "classes:wizard/abjuration_collection_thorns",
                "comparison": "==",
                "compare_to": 3
            },
            "origins": [
                "classes:wizard_thorns_3"
            ]
        },
        {
            "condition": {
                "type": "origins:resource",
                "resource": "classes:wizard/abjuration_collection_water_protection",
                "comparison": "==",
                "compare_to": 1
            },
            "origins": [
                "classes:wizard_water_protection_1"
            ]
        },
        {
            "condition": {
                "type": "origins:resource",
                "resource": "classes:wizard/abjuration_collection_water_protection",
                "comparison": "==",
                "compare_to": 2
            },
            "origins": [
                "classes:wizard_water_protection_2"
            ]
        },
        {
            "condition": {
                "type": "origins:resource",
                "resource": "classes:wizard/abjuration_collection_water_protection",
                "comparison": "==",
                "compare_to": 3
            },
            "origins": [
                "classes:wizard_water_protection_3"
            ]
        },
        {
            "condition": {
                "type": "origins:resource",
                "resource": "classes:wizard/abjuration_collection_water_protection",
                "comparison": "==",
                "compare_to": 4
            },
            "origins": [
                "classes:wizard_water_protection_4"
            ]
        }
    ],
    "allow_random": true
}