{
    "name": "Conjuration Spells",
    "gui_title": {
        "choose_origin": "Choose a conjuration spell.",
        "view_origin": "This is your prepared conjuration spell."
    },
    "replace": false,
    "order": 5,
    "enabled": true,
    "origins": [
        {
            "condition": {
                "type": "origins:origin",
                "origin": "classes:wizard_conjuration",
                "layer": "classes:wizard"
            },
            "origins": [
                "classes:wizard_none"
            ]
        },
        {
            "condition": {
                "type": "origins:resource",
                "resource": "classes:wizard/conjuration_collection_fortune",
                "comparison": "==",
                "compare_to": 1
            },
            "origins": [
                "classes:wizard_fortune_1"
            ]
        },
        {
            "condition": {
                "type": "origins:resource",
                "resource": "classes:wizard/conjuration_collection_fortune",
                "comparison": "==",
                "compare_to": 2
            },
            "origins": [
                "classes:wizard_fortune_2"
            ]
        },
        {
            "condition": {
                "type": "origins:resource",
                "resource": "classes:wizard/conjuration_collection_fortune",
                "comparison": "==",
                "compare_to": 3
            },
            "origins": [
                "classes:wizard_fortune_3"
            ]
        },
        {
            "condition": {
                "type": "origins:resource",
                "resource": "classes:wizard/conjuration_collection_infinity",
                "comparison": "==",
                "compare_to": 1
            },
            "origins": [
                "classes:wizard_infinity"
            ]
        },
        {
            "condition": {
                "type": "origins:resource",
                "resource": "classes:wizard/conjuration_collection_looting",
                "comparison": "==",
                "compare_to": 1
            },
            "origins": [
                "classes:wizard_looting_1"
            ]
        },
        {
            "condition": {
                "type": "origins:resource",
                "resource": "classes:wizard/conjuration_collection_looting",
                "comparison": "==",
                "compare_to": 2
            },
            "origins": [
                "classes:wizard_looting_2"
            ]
        },
        {
            "condition": {
                "type": "origins:resource",
                "resource": "classes:wizard/conjuration_collection_looting",
                "comparison": "==",
                "compare_to": 3
            },
            "origins": [
                "classes:wizard_looting_3"
            ]
        },
        {
            "condition": {
                "type": "origins:resource",
                "resource": "classes:wizard/conjuration_collection_luck_of_the_sea",
                "comparison": "==",
                "compare_to": 1
            },
            "origins": [
                "classes:wizard_luck_of_the_sea_1"
            ]
        },
        {
            "condition": {
                "type": "origins:resource",
                "resource": "classes:wizard/conjuration_collection_luck_of_the_sea",
                "comparison": "==",
                "compare_to": 2
            },
            "origins": [
                "classes:wizard_luck_of_the_sea_2"
            ]
        },
        {
            "condition": {
                "type": "origins:resource",
                "resource": "classes:wizard/conjuration_collection_luck_of_the_sea",
                "comparison": "==",
                "compare_to": 3
            },
            "origins": [
                "classes:wizard_luck_of_the_sea_3"
            ]
        },
        {
            "condition": {
                "type": "origins:resource",
                "resource": "classes:wizard/conjuration_collection_multishot",
                "comparison": "==",
                "compare_to": 1
            },
            "origins": [
                "classes:wizard_multishot"
            ]
        }
    ],
    "allow_random": true
}