{
    "name": "Divination Spells",
    "gui_title": {
        "choose_origin": "Choose a divination spell.",
        "view_origin": "This is your prepared divination spell."
    },
    "replace": false,
    "order": 5,
    "enabled": true,
    "origins": [
        {
            "condition": {
                "type": "origins:origin",
                "origin": "classes:wizard_divination",
                "layer": "classes:wizard"
            },
            "origins": [
                "classes:wizard_none"
            ]
        },
        {
            "condition": {
                "type": "origins:resource",
                "resource": "classes:wizard/divination_collection_bane_of_arthropods",
                "comparison": "==",
                "compare_to": 1
            },
            "origins": [
                "classes:wizard_bane_of_arthropods_1"
            ]
        },
        {
            "condition": {
                "type": "origins:resource",
                "resource": "classes:wizard/divination_collection_bane_of_arthropods",
                "comparison": "==",
                "compare_to": 2
            },
            "origins": [
                "classes:wizard_bane_of_arthropods_2"
            ]
        },
        {
            "condition": {
                "type": "origins:resource",
                "resource": "classes:wizard/divination_collection_bane_of_arthropods",
                "comparison": "==",
                "compare_to": 3
            },
            "origins": [
                "classes:wizard_bane_of_arthropods_3"
            ]
        },
        {
            "condition": {
                "type": "origins:resource",
                "resource": "classes:wizard/divination_collection_bane_of_arthropods",
                "comparison": "==",
                "compare_to": 4
            },
            "origins": [
                "classes:wizard_bane_of_arthropods_4"
            ]
        },
        {
            "condition": {
                "type": "origins:resource",
                "resource": "classes:wizard/divination_collection_bane_of_arthropods",
                "comparison": "==",
                "compare_to": 5
            },
            "origins": [
                "classes:wizard_bane_of_arthropods_5"
            ]
        },
        {
            "condition": {
                "type": "origins:resource",
                "resource": "classes:wizard/divination_collection_impaling",
                "comparison": "==",
                "compare_to": 1
            },
            "origins": [
                "classes:wizard_impaling_1"
            ]
        },
        {
            "condition": {
                "type": "origins:resource",
                "resource": "classes:wizard/divination_collection_impaling",
                "comparison": "==",
                "compare_to": 2
            },
            "origins": [
                "classes:wizard_impaling_2"
            ]
        },
        {
            "condition": {
                "type": "origins:resource",
                "resource": "classes:wizard/divination_collection_impaling",
                "comparison": "==",
                "compare_to": 3
            },
            "origins": [
                "classes:wizard_impaling_3"
            ]
        },
        {
            "condition": {
                "type": "origins:resource",
                "resource": "classes:wizard/divination_collection_impaling",
                "comparison": "==",
                "compare_to": 4
            },
            "origins": [
                "classes:wizard_impaling_4"
            ]
        },
        {
            "condition": {
                "type": "origins:resource",
                "resource": "classes:wizard/divination_collection_impaling",
                "comparison": "==",
                "compare_to": 5
            },
            "origins": [
                "classes:wizard_impaling_5"
            ]
        },
        {
            "condition": {
                "type": "origins:resource",
                "resource": "classes:wizard/divination_collection_sharpness",
                "comparison": "==",
                "compare_to": 1
            },
            "origins": [
                "classes:wizard_sharpness_1"
            ]
        },
        {
            "condition": {
                "type": "origins:resource",
                "resource": "classes:wizard/divination_collection_sharpness",
                "comparison": "==",
                "compare_to": 2
            },
            "origins": [
                "classes:wizard_sharpness_2"
            ]
        },
        {
            "condition": {
                "type": "origins:resource",
                "resource": "classes:wizard/divination_collection_sharpness",
                "comparison": "==",
                "compare_to": 3
            },
            "origins": [
                "classes:wizard_sharpness_3"
            ]
        },
        {
            "condition": {
                "type": "origins:resource",
                "resource": "classes:wizard/divination_collection_sharpness",
                "comparison": "==",
                "compare_to": 4
            },
            "origins": [
                "classes:wizard_sharpness_4"
            ]
        },
        {
            "condition": {
                "type": "origins:resource",
                "resource": "classes:wizard/divination_collection_sharpness",
                "comparison": "==",
                "compare_to": 5
            },
            "origins": [
                "classes:wizard_sharpness_5"
            ]
        },
        {
            "condition": {
                "type": "origins:resource",
                "resource": "classes:wizard/divination_collection_smite",
                "comparison": "==",
                "compare_to": 1
            },
            "origins": [
                "classes:wizard_smite_1"
            ]
        },
        {
            "condition": {
                "type": "origins:resource",
                "resource": "classes:wizard/divination_collection_smite",
                "comparison": "==",
                "compare_to": 2
            },
            "origins": [
                "classes:wizard_smite_2"
            ]
        },
        {
            "condition": {
                "type": "origins:resource",
                "resource": "classes:wizard/divination_collection_smite",
                "comparison": "==",
                "compare_to": 3
            },
            "origins": [
                "classes:wizard_smite_3"
            ]
        },
        {
            "condition": {
                "type": "origins:resource",
                "resource": "classes:wizard/divination_collection_smite",
                "comparison": "==",
                "compare_to": 4
            },
            "origins": [
                "classes:wizard_smite_4"
            ]
        },
        {
            "condition": {
                "type": "origins:resource",
                "resource": "classes:wizard/divination_collection_smite",
                "comparison": "==",
                "compare_to": 5
            },
            "origins": [
                "classes:wizard_smite_5"
            ]
        }
    ],
    "allow_random": true
}