{
    "name": "Necromancy Spells",
    "gui_title": {
        "choose_origin": "Choose a necromancy spell.",
        "view_origin": "This is your prepared necromancy spell."
    },
    "replace": false,
    "order": 5,
    "enabled": true,
    "origins": [
        {
            "condition": {
                "type": "origins:origin",
                "origin": "classes:wizard_necromancy",
                "layer": "classes:wizard"
            },
            "origins": [
                "classes:wizard_none"
            ]
        },
        {
            "condition": {
                "type": "origins:resource",
                "resource": "classes:wizard/necromancy_collection_curse_of_binding",
                "comparison": "==",
                "compare_to": 1
            },
            "origins": [
                "classes:wizard_curse_of_binding"
            ]
        },
        {
            "condition": {
                "type": "origins:resource",
                "resource": "classes:wizard/necromancy_collection_curse_of_vanishing",
                "comparison": "==",
                "compare_to": 1
            },
            "origins": [
                "classes:wizard_curse_of_vanishing"
            ]
        },
        {
            "condition": {
                "type": "origins:resource",
                "resource": "classes:wizard/necromancy_collection_mending",
                "comparison": "==",
                "compare_to": 1
            },
            "origins": [
                "classes:wizard_mending"
            ]
        }
    ],
    "allow_random": true
}