{
    "name": "Prepared Infusion",
    "gui_title": {
        "choose_origin": "Choose a prepared infusion.",
        "view_origin": "This is your prepared infusion."
    },
    "replace": false,
    "order": 5,
    "enabled": true,
    "origins": [
        {
            "condition": {
                "type": "origins:origin",
                "origin": "classes:artificer_tinkerer",
                "layer": "classes:artificer"
            },
            "origins": [
                "classes:artificer_none"
            ]
        },
        {
            "condition": {
                "type": "origins:resource",
                "resource": "classes:artificer/tinkerer_collection_boots_of_the_winding_path",
                "comparison": "==",
                "compare_to": 1
            },
            "origins": [
                "classes:artificer_boots_of_the_winding_path"
            ]
        },
        {
            "condition": {
                "type": "origins:resource",
                "resource": "classes:artificer/tinkerer_collection_extending_arms",
                "comparison": "==",
                "compare_to": 1
            },
            "origins": [
                "classes:artificer_extending_arms"
            ]
        },
        {
            "condition": {
                "type": "origins:resource",
                "resource": "classes:artificer/tinkerer_collection_helm_of_awareness",
                "comparison": "==",
                "compare_to": 1
            },
            "origins": [
                "classes:artificer_helm_of_awareness"
            ]
        },
        {
            "condition": {
                "type": "origins:resource",
                "resource": "classes:artificer/tinkerer_collection_jet_boots",
                "comparison": "==",
                "compare_to": 1
            },
            "origins": [
                "classes:artificer_jet_boots"
            ]
        },
        {
            "condition": {
                "type": "origins:resource",
                "resource": "classes:artificer/tinkerer_collection_power_pants",
                "comparison": "==",
                "compare_to": 1
            },
            "origins": [
                "classes:artificer_power_pants"
            ]
        }
    ],
    "allow_random": true
}