{
    "name": "Prepared Infusion",
    "gui_title": {
        "choose_origin": "Choose a prepared infusion.",
        "view_origin": "This is your prepared infusion."
    },
    "replace": false,
    "order": 5,
    "enabled": true,
    "origins": [
        {
            "condition": {
                "type": "origins:origin",
                "origin": "classes:artificer_toolsmith",
                "layer": "classes:artificer"
            },
            "origins": [
                "classes:artificer_none"
            ]
        },
        {
            "condition": {
                "type": "origins:resource",
                "resource": "classes:artificer/toolsmith_collection_bag_of_holding",
                "comparison": "==",
                "compare_to": 1
            },
            "origins": [
                "classes:artificer_bag_of_holding"
            ]
        },
        {
            "condition": {
                "type": "origins:resource",
                "resource": "classes:artificer/toolsmith_collection_mechanical_wings",
                "comparison": "==",
                "compare_to": 1
            },
            "origins": [
                "classes:artificer_mechanical_wings"
            ]
        },
        {
            "condition": {
                "type": "origins:resource",
                "resource": "classes:artificer/toolsmith_collection_radiant_weapon",
                "comparison": "==",
                "compare_to": 1
            },
            "origins": [
                "classes:artificer_radiant_weapon"
            ]
        },
        {
            "condition": {
                "type": "origins:resource",
                "resource": "classes:artificer/toolsmith_collection_shatterpick",
                "comparison": "==",
                "compare_to": 1
            },
            "origins": [
                "classes:artificer_shatterpick"
            ]
        },
        {
            "condition": {
                "type": "origins:resource",
                "resource": "classes:artificer/toolsmith_collection_tunnel_bore",
                "comparison": "==",
                "compare_to": 1
            },
            "origins": [
                "classes:artificer_tunnel_bore"
            ]
        }
    ],
    "allow_random": true
}