{
    "name": "Transmutation Spells",
    "gui_title": {
        "choose_origin": "Choose a transmutation spell.",
        "view_origin": "This is your prepared transmutation spell."
    },
    "replace": false,
    "order": 5,
    "enabled": true,
    "origins": [
        {
            "condition": {
                "type": "origins:origin",
                "origin": "classes:wizard_transmutation",
                "layer": "classes:wizard"
            },
            "origins": [
                "classes:wizard_none"
            ]
        },
        {
            "condition": {
                "type": "origins:resource",
                "resource": "classes:wizard/transmutation_collection_aqua_affinity",
                "comparison": "==",
                "compare_to": 1
            },
            "origins": [
                "classes:wizard_aqua_affinity"
            ]
        },
        {
            "condition": {
                "type": "origins:resource",
                "resource": "classes:wizard/transmutation_collection_depth_strider",
                "comparison": "==",
                "compare_to": 1
            },
            "origins": [
                "classes:wizard_depth_strider_1"
            ]
        },
        {
            "condition": {
                "type": "origins:resource",
                "resource": "classes:wizard/transmutation_collection_depth_strider",
                "comparison": "==",
                "compare_to": 2
            },
            "origins": [
                "classes:wizard_depth_strider_2"
            ]
        },
        {
            "condition": {
                "type": "origins:resource",
                "resource": "classes:wizard/transmutation_collection_depth_strider",
                "comparison": "==",
                "compare_to": 3
            },
            "origins": [
                "classes:wizard_depth_strider_3"
            ]
        },
        {
            "condition": {
                "type": "origins:resource",
                "resource": "classes:wizard/transmutation_collection_feather_falling",
                "comparison": "==",
                "compare_to": 1
            },
            "origins": [
                "classes:wizard_feather_falling_1"
            ]
        },
        {
            "condition": {
                "type": "origins:resource",
                "resource": "classes:wizard/transmutation_collection_feather_falling",
                "comparison": "==",
                "compare_to": 2
            },
            "origins": [
                "classes:wizard_feather_falling_2"
            ]
        },
        {
            "condition": {
                "type": "origins:resource",
                "resource": "classes:wizard/transmutation_collection_feather_falling",
                "comparison": "==",
                "compare_to": 3
            },
            "origins": [
                "classes:wizard_feather_falling_3"
            ]
        },
        {
            "condition": {
                "type": "origins:resource",
                "resource": "classes:wizard/transmutation_collection_feather_falling",
                "comparison": "==",
                "compare_to": 4
            },
            "origins": [
                "classes:wizard_feather_falling_4"
            ]
        },
        {
            "condition": {
                "type": "origins:resource",
                "resource": "classes:wizard/transmutation_collection_respiration",
                "comparison": "==",
                "compare_to": 1
            },
            "origins": [
                "classes:wizard_respiration_1"
            ]
        },
        {
            "condition": {
                "type": "origins:resource",
                "resource": "classes:wizard/transmutation_collection_respiration",
                "comparison": "==",
                "compare_to": 2
            },
            "origins": [
                "classes:wizard_respiration_2"
            ]
        },
        {
            "condition": {
                "type": "origins:resource",
                "resource": "classes:wizard/transmutation_collection_respiration",
                "comparison": "==",
                "compare_to": 3
            },
            "origins": [
                "classes:wizard_respiration_3"
            ]
        },
        {
            "condition": {
                "type": "origins:resource",
                "resource": "classes:wizard/transmutation_collection_riptide",
                "comparison": "==",
                "compare_to": 1
            },
            "origins": [
                "classes:wizard_riptide_1"
            ]
        },
        {
            "condition": {
                "type": "origins:resource",
                "resource": "classes:wizard/transmutation_collection_riptide",
                "comparison": "==",
                "compare_to": 2
            },
            "origins": [
                "classes:wizard_riptide_2"
            ]
        },
        {
            "condition": {
                "type": "origins:resource",
                "resource": "classes:wizard/transmutation_collection_riptide",
                "comparison": "==",
                "compare_to": 3
            },
            "origins": [
                "classes:wizard_riptide_3"
            ]
        },
        {
            "condition": {
                "type": "origins:resource",
                "resource": "classes:wizard/transmutation_collection_soul_speed",
                "comparison": "==",
                "compare_to": 1
            },
            "origins": [
                "classes:wizard_soul_speed_1"
            ]
        },
        {
            "condition": {
                "type": "origins:resource",
                "resource": "classes:wizard/transmutation_collection_soul_speed",
                "comparison": "==",
                "compare_to": 2
            },
            "origins": [
                "classes:wizard_soul_speed_2"
            ]
        },
        {
            "condition": {
                "type": "origins:resource",
                "resource": "classes:wizard/transmutation_collection_soul_speed",
                "comparison": "==",
                "compare_to": 3
            },
            "origins": [
                "classes:wizard_soul_speed_3"
            ]
        },
        {
            "condition": {
                "type": "origins:resource",
                "resource": "classes:wizard/transmutation_collection_swift_sneak",
                "comparison": "==",
                "compare_to": 1
            },
            "origins": [
                "classes:wizard_swift_sneak_1"
            ]
        },
        {
            "condition": {
                "type": "origins:resource",
                "resource": "classes:wizard/transmutation_collection_swift_sneak",
                "comparison": "==",
                "compare_to": 2
            },
            "origins": [
                "classes:wizard_swift_sneak_2"
            ]
        },
        {
            "condition": {
                "type": "origins:resource",
                "resource": "classes:wizard/transmutation_collection_swift_sneak",
                "comparison": "==",
                "compare_to": 3
            },
            "origins": [
                "classes:wizard_swift_sneak_3"
            ]
        },
        {
            "condition": {
                "type": "origins:resource",
                "resource": "classes:wizard/transmutation_collection_unbreaking",
                "comparison": "==",
                "compare_to": 1
            },
            "origins": [
                "classes:wizard_unbreaking_1"
            ]
        },
        {
            "condition": {
                "type": "origins:resource",
                "resource": "classes:wizard/transmutation_collection_unbreaking",
                "comparison": "==",
                "compare_to": 2
            },
            "origins": [
                "classes:wizard_unbreaking_2"
            ]
        },
        {
            "condition": {
                "type": "origins:resource",
                "resource": "classes:wizard/transmutation_collection_unbreaking",
                "comparison": "==",
                "compare_to": 3
            },
            "origins": [
                "classes:wizard_unbreaking_3"
            ]
        }
    ],
    "allow_random": true
}