{
	"name": "Sorcerer",
	"description": "A spellcaster who draws on inherent magic from a gift or bloodline.",
	"powers": [
		"classes:sorcerer/hp",
		"classes:sorcerer/spellcasting",
		"classes:sorcerer/spellcasting_good_self",
		"classes:sorcerer/spellcasting_good_other",
		"classes:sorcerer/spellcasting_bad_self",
		"classes:sorcerer/spellcasting_bad_other",
		"classes:sorcerer/metamagic",
		"classes:sorcerer/effect_collection"
	],
	"icon": {
		"item": "origins:orb_of_origin"
	},
	"order": 11,
	"impact": 0
}