{
    "name": "Shear",
    "hidden": true,
    "type": "origins:action_on_being_used",
    "bientity_action": {
        "type": "origins:target_action",
        "action": {
            "type": "origins:and",
            "actions": [
                {
                    "type": "origins:play_sound",
                    "sound": "minecraft:entity.mooshroom.shear"
                },
                {
                    "type": "origins:execute_command",
                    "command": "origin set @s classes:druid classes:druid_cow"
                }
            ]
        }
    },
    "item_condition": {
        "type": "origins:ingredient",
        "ingredient": {
            "item": "minecraft:shears"
        }
    },
    "hands" : [
        "main_hand"
    ]
}