{
    "name": "Soup",
    "description": "You can harvest soup from yourself or be be harvested by other players by using an empty bowl.",
    "type": "origins:multiple",
    "self": {
        "type": "origins:active_self",
        "key": {
            "key": "key.use"
        },
        "entity_action": {
            "type": "origins:and",
            "actions": [
                {
                    "type": "origins:play_sound",
                    "sound": "minecraft:entity.mooshroom.suspicious_milk"
                },
                {
                    "type": "origins:equipped_item_action",
                    "equipment_slot": "mainhand",
                    "action": {
                        "type": "origins:consume",
                        "amount": 1
                    }
                },
                {
                    "type": "origins:give",
                    "stack": {
                        "item": "minecraft:mushroom_stew",
                        "amount": 1
                    }
                }
            ]
        },
        "condition": {
            "type": "origins:equipped_item",
            "equipment_slot": "mainhand",
            "item_condition": {
                "type": "origins:ingredient",
                "ingredient": {
                    "item": "minecraft:bowl"
                }
            }
        }
    },
    "other": {
        "type": "origins:action_on_being_used",
        "bientity_action": {
            "type": "origins:target_action",
            "action": {
                "type": "origins:play_sound",
                "sound": "minecraft:entity.mooshroom.suspicious_milk"
            }
        },
        "held_item_action": {
            "type": "origins:consume",
            "amount": 1
        },
        "item_condition": {
            "type": "origins:ingredient",
            "ingredient": {
                "item": "minecraft:bowl"
            }
        },
        "hands": [
            "main_hand"
        ],
        "result_stack": {
            "item": "minecraft:mushroom_stew",
            "amount": 1
        }
    }
}